DNB_BRDF_Corrected_NTL,DNB_Lunar_Irradiance,QF_Cloud_Mask,Snow_Flag,date,filename
,78.07864496207392,901.1373095980185,0.14042126565326662,2021-03-01,NJ_2021-03-01.tif
9.880137024087343,55.87767071266164,77.85369503694804,0.10938424476069797,2021-03-02,NJ_2021-03-02.tif
8.206560862269875,39.800949872166996,288.2163551579228,0.1037864849253789,2021-03-03,NJ_2021-03-03.tif
6.163908771079387,27.6,435.6216031696434,0.0954364848839435,2021-03-04,NJ_2021-03-04.tif
8.289475083054642,18.6,300.5243217145647,0.12621776634896745,2021-03-05,NJ_2021-03-05.tif
10.524047606860863,2.99879236626852,373.5834925254632,0.13189763461747225,2021-03-06,NJ_2021-03-06.tif
10.12183835200752,0.5,500.31093717809847,0.093521903178677,2021-03-07,NJ_2021-03-07.tif
8.600045275942731,0.5,228.17952145401853,0.043476332501033776,2021-03-08,NJ_2021-03-08.tif
5.611495657566835,0.5,459.2274801047812,0.01911532058172017,2021-03-09,NJ_2021-03-09.tif
10.067805221855922,0.5,351.21549870431375,0.003130263852483265,2021-03-10,NJ_2021-03-10.tif
7.6778839928130775,0.5,553.0533286152189,1.690565237172214e-05,2021-03-11,NJ_2021-03-11.tif
2.4559536646354423,0.5,782.3482549140338,0.0,2021-03-12,NJ_2021-03-12.tif
12.012466566676206,0.5,403.6837864020542,0.0,2021-03-13,NJ_2021-03-13.tif
7.258469685390956,0.5,51.900329776240405,0.0,2021-03-14,NJ_2021-03-14.tif
7.410667517427402,0.5,59.382559101414785,0.0,2021-03-15,NJ_2021-03-15.tif
7.2691321772981246,0.5,703.00612140413,0.0,2021-03-16,NJ_2021-03-16.tif
6.047515518261049,0.5,1653.7342550118192,0.0,2021-03-17,NJ_2021-03-17.tif
1.481700656105211,0.5,686.6242315345092,0.0,2021-03-18,NJ_2021-03-18.tif
2.5649920902633663,0.5,967.0868907107567,0.0,2021-03-19,NJ_2021-03-19.tif
6.976085071462681,0.5,50.87456645703105,0.0,2021-03-20,NJ_2021-03-20.tif
7.154264408968324,0.5,51.38738589720528,0.0,2021-03-21,NJ_2021-03-21.tif
7.62175504509715,16.72562037697795,50.97952775220287,1.690565237172214e-05,2021-03-22,NJ_2021-03-22.tif
11.607298916886394,24.004654145987068,575.0249319588931,1.690565237172214e-05,2021-03-23,NJ_2021-03-23.tif
15.892135873957407,33.9210250825531,341.7437534691802,1.690565237172214e-05,2021-03-24,NJ_2021-03-24.tif
14.468474139349366,47.29945776932859,1824.293299013751,8.45282618586107e-06,2021-03-25,NJ_2021-03-25.tif
,64.8,669.2851185011655,0.0,2021-03-26,NJ_2021-03-26.tif
7.067857234423102,88.41566364063715,53.469441226753574,0.0,2021-03-27,NJ_2021-03-27.tif
10.36333796073528,126.404492806589,409.6689776472471,0.0,2021-03-28,NJ_2021-03-28.tif
7.21042080066113,128.36169240832294,90.94124062627134,0.0,2021-03-29,NJ_2021-03-29.tif
6.5498237310102425,89.0,50.95783130313565,0.0,2021-03-30,NJ_2021-03-30.tif
15.447879580364624,63.98131437469363,550.566208087034,0.0,2021-03-31,NJ_2021-03-31.tif
,45.09614979068106,739.9930196892841,0.0,2021-04-01,NJ_2021-04-01.tif
8.856890871812963,31.062772881734535,80.77383455830254,8.45282618586107e-06,2021-04-02,NJ_2021-04-02.tif
8.792342169671096,20.575697998800372,50.72148371960809,5.071695711516642e-05,2021-04-03,NJ_2021-04-03.tif
5.349655928545419,13.270658871263066,509.8663728176993,0.0,2021-04-04,NJ_2021-04-04.tif
6.91995691258546,0.5,50.59133989725672,0.0,2021-04-05,NJ_2021-04-05.tif
9.593414989621719,0.5,274.66856180134727,0.0,2021-04-06,NJ_2021-04-06.tif
9.642560440337475,0.5,332.43010101127345,0.0,2021-04-07,NJ_2021-04-07.tif
9.492588182999638,0.5,50.50513267207924,0.0,2021-04-08,NJ_2021-04-08.tif
15.995984029680525,0.5,540.6711039473863,0.0,2021-04-09,NJ_2021-04-09.tif
15.04841172377572,0.5,1478.9110147783579,0.0,2021-04-10,NJ_2021-04-10.tif
18.45873034048054,0.5,716.2231302141289,0.0,2021-04-11,NJ_2021-04-11.tif
8.255300976644262,0.5,584.2564887125762,0.0,2021-04-12,NJ_2021-04-12.tif
5.844134617012722,0.5,522.1294743585177,0.0,2021-04-13,NJ_2021-04-13.tif
8.1503617088341,0.5,51.69074185151685,0.0,2021-04-14,NJ_2021-04-14.tif
18.2886707761511,0.5,863.7202404911911,0.0,2021-04-15,NJ_2021-04-15.tif
6.1267996984808475,0.5,144.49463605196652,0.0,2021-04-16,NJ_2021-04-16.tif
5.363103660019194,0.5,511.0812501895662,0.0,2021-04-17,NJ_2021-04-17.tif
3.581422138342431,0.5,326.53910640367917,0.0,2021-04-18,NJ_2021-04-18.tif
8.020578096861934,0.5,194.22593840873085,0.0,2021-04-19,NJ_2021-04-19.tif
7.018578166745694,0.5312687940717493,54.042674374760026,5.9169783301027484e-05,2021-04-20,NJ_2021-04-20.tif
7.205285119917716,20.1,57.46546117210861,0.0003381130474344428,2021-04-21,NJ_2021-04-21.tif
7.925568146835422,28.874896836468558,188.61597577764198,8.45282618586107e-05,2021-04-22,NJ_2021-04-22.tif
9.172465243387405,40.98960844345513,92.74935908517224,7.607543567274963e-05,2021-04-23,NJ_2021-04-23.tif
8.824697719459694,56.81892842350609,51.041990425102505,3.381130474344428e-05,2021-04-24,NJ_2021-04-24.tif
9.3401658114265,80.21826487029622,365.91260990952964,0.0,2021-04-25,NJ_2021-04-25.tif
6.9213442513431085,112.7522477940518,101.41918410338302,0.0,2021-04-26,NJ_2021-04-26.tif
6.430274369786286,157.03560144092575,261.0220778206959,0.0,2021-04-27,NJ_2021-04-27.tif
1.3849309126978193,101.41072269196151,641.7419651826428,0.0,2021-04-28,NJ_2021-04-28.tif
8.880377895474059,71.69690711101856,693.9605255669,0.0,2021-04-29,NJ_2021-04-29.tif
4.531704378224188,49.400000000000006,388.22217746459967,0.0,2021-04-30,NJ_2021-04-30.tif
9.692562990669028,34.2,439.4014356213689,0.00012679239278791605,2021-05-01,NJ_2021-05-01.tif
3.616108491918127,23.200000000000003,581.9006098796968,0.0,2021-05-02,NJ_2021-05-02.tif
9.082584354289148,15.4,692.2937514885662,0.0,2021-05-03,NJ_2021-05-03.tif
2.144745154170265,0.9909324942383175,542.0443949723932,0.0,2021-05-04,NJ_2021-05-04.tif
5.1893458699663135,5.999732360319112,810.0446868103595,0.0,2021-05-05,NJ_2021-05-05.tif
7.273454234940842,0.5,81.16312631920019,0.0,2021-05-06,NJ_2021-05-06.tif
5.2362079629998615,0.5,192.32819579397298,0.0,2021-05-07,NJ_2021-05-07.tif
,0.5,630.0669941832942,0.00011833956660205497,2021-05-08,NJ_2021-05-08.tif
6.754621400336511,0.5,63.21581427649187,0.00020286782846066568,2021-05-09,NJ_2021-05-09.tif
8.029159610335347,0.5,384.6597888285124,0.0001352452189737771,2021-05-10,NJ_2021-05-10.tif
8.668877295180074,0.5,164.87354104634366,8.45282618586107e-06,2021-05-11,NJ_2021-05-11.tif
8.613188829649317,0.5,266.1100661392218,0.0,2021-05-12,NJ_2021-05-12.tif
7.27964935434476,0.5,52.36742382793032,0.0,2021-05-13,NJ_2021-05-13.tif
7.285250075524368,0.5,56.831121847489406,0.0,2021-05-14,NJ_2021-05-14.tif
8.83596845953453,0.5,54.33551739997687,0.0,2021-05-15,NJ_2021-05-15.tif
5.33256477458084,0.5,302.13047093015035,0.0,2021-05-16,NJ_2021-05-16.tif
6.973512463649381,0.5,54.95327380444289,0.0,2021-05-17,NJ_2021-05-17.tif
7.009396314894636,0.5,53.63892602699756,0.0,2021-05-18,NJ_2021-05-18.tif
7.0073101721334385,0.5,55.170271377155835,0.0,2021-05-19,NJ_2021-05-19.tif
9.927605294426252,11.737006685208726,100.31300417586203,3.381130474344428e-05,2021-05-20,NJ_2021-05-20.tif
9.303588259310258,0.6787055772907378,51.05099397777564,0.0,2021-05-21,NJ_2021-05-21.tif
6.25264786247131,4.98828847341124,402.15435583249126,3.381130474344428e-05,2021-05-22,NJ_2021-05-22.tif
4.9655091343035656,51.800000000000004,179.36916856509913,6.762260948688855e-05,2021-05-23,NJ_2021-05-23.tif
13.084683495805326,72.0,714.2686506388922,0.0,2021-05-24,NJ_2021-05-24.tif
8.387765883792737,99.63876885766143,732.3019407854662,2.535847855758321e-05,2021-05-25,NJ_2021-05-25.tif
8.56295973442959,154.56798406878067,266.2766979946081,2.535847855758321e-05,2021-05-26,NJ_2021-05-26.tif
2.3606330855001283,112.12333109614072,371.13343833621883,0.0,2021-05-27,NJ_2021-05-27.tif
5.520907490732021,77.5,276.0385944110239,4.226413092930535e-05,2021-05-28,NJ_2021-05-28.tif
,54.5,654.7324234667035,0.0,2021-05-29,NJ_2021-05-29.tif
1.5789995265806593,38.1,582.5449308981451,0.0,2021-05-30,NJ_2021-05-30.tif
6.380984313655485,26.254501535973258,1435.3945642360902,7.607543567274963e-05,2021-05-31,NJ_2021-05-31.tif
12.036832583274386,17.694984318337113,387.887567931303,0.00012679239278791605,2021-06-01,NJ_2021-06-01.tif
4.733074105085996,11.700000000000001,658.7808281283535,3.381130474344428e-05,2021-06-02,NJ_2021-06-02.tif
13.940466660720716,7.5,737.761551806294,0.0,2021-06-03,NJ_2021-06-03.tif
,0.5,754.6077309548286,0.0,2021-06-04,NJ_2021-06-04.tif
7.645675855542616,0.5382739328928473,122.72084448705873,5.071695711516642e-05,2021-06-05,NJ_2021-06-05.tif
9.39315072166707,1.014183931838831,57.82875296781207,0.00040573565692133136,2021-06-06,NJ_2021-06-06.tif
7.5211569152492315,0.5,65.54566894589101,0.0,2021-06-07,NJ_2021-06-07.tif
2.778112158061246,0.5,570.8461216030207,8.45282618586107e-06,2021-06-08,NJ_2021-06-08.tif
5.680494088159545,0.5,702.274087960771,8.45282618586107e-06,2021-06-09,NJ_2021-06-09.tif
8.551246920155895,0.5,101.34702620459005,8.45282618586107e-06,2021-06-10,NJ_2021-06-10.tif
8.191158225165418,0.5,1043.8349044374859,0.0,2021-06-11,NJ_2021-06-11.tif
6.163130198098489,0.5,874.7826373646419,0.0,2021-06-12,NJ_2021-06-12.tif
9.311170812646496,0.5,1035.6513553941027,0.0,2021-06-13,NJ_2021-06-13.tif
5.974559765495611,0.5,864.5447632338524,0.0,2021-06-14,NJ_2021-06-14.tif
5.2001172111530485,108.9751627129759,553.8242271589298,3.381130474344428e-05,2022-08-11,NJ_2022-08-11.tif
10.63906205604997,131.4761768499259,509.77622836553013,0.0,2022-08-12,NJ_2022-08-12.tif
6.939386357131867,92.57573689817096,54.52690251156662,0.0,2022-08-13,NJ_2022-08-13.tif
11.257130398056116,66.30254140671914,541.9980285357467,0.0,2022-08-14,NJ_2022-08-14.tif
4.1234765600228656,47.1,573.8923172925764,2.535847855758321e-05,2022-08-15,NJ_2022-08-15.tif
8.45969938766577,33.27451549141897,65.96578614183997,5.9169783301027484e-05,2022-08-16,NJ_2022-08-16.tif
8.00891713574106,23.30772002578798,147.96847639465423,5.9169783301027484e-05,2022-08-17,NJ_2022-08-17.tif
7.537873440444666,15.91697177333216,51.043407848034676,4.226413092930535e-05,2022-08-18,NJ_2022-08-18.tif
6.836624127512678,10.700000000000001,52.56188919007822,5.071695711516642e-05,2022-08-19,NJ_2022-08-19.tif
2.810566179699746,7.0,688.4163458432389,8.45282618586107e-06,2022-08-20,NJ_2022-08-20.tif
7.073273410974893,4.4,166.0207821516086,0.00023667913320410993,2022-08-21,NJ_2022-08-21.tif
,2.5,586.8383846483424,0.0,2022-08-22,NJ_2022-08-22.tif
7.811550396120337,1.1000234159842455,441.05437205860187,0.00031275456887685957,2022-08-23,NJ_2022-08-23.tif
6.817465229267477,0.5,56.28675970852663,0.0,2022-08-24,NJ_2022-08-24.tif
6.8581984990544305,0.5,53.727739971177435,0.0,2022-08-25,NJ_2022-08-25.tif
6.265868982570826,0.5,246.4210991823129,0.0,2022-08-26,NJ_2022-08-26.tif
10.26970436378396,0.5,232.96854232669858,0.0,2022-08-27,NJ_2022-08-27.tif
9.103151530539522,0.5,264.8926597480563,0.0,2022-08-28,NJ_2022-08-28.tif
6.514956230283973,0.5,678.849678883762,0.0,2022-08-29,NJ_2022-08-29.tif
5.9055960507769365,0.5,1125.074514911363,0.0,2022-08-30,NJ_2022-08-30.tif
3.8939089910468394,0.5,341.5910168004066,0.0,2022-08-31,NJ_2022-08-31.tif
7.317615720886503,0.5,51.3071050644859,0.0,2022-09-01,NJ_2022-09-01.tif
8.681763729616563,0.5,51.29998334296011,0.0,2022-09-02,NJ_2022-09-02.tif
10.425196890532531,0.5,225.2457135469793,0.0,2022-09-03,NJ_2022-09-03.tif
4.932574225685262,0.5,501.65341105513596,0.0,2022-09-04,NJ_2022-09-04.tif
9.08333474853406,0.5,712.5098908508102,5.071695711516642e-05,2022-09-05,NJ_2022-09-05.tif
,0.5,722.8823223725578,6.762260948688855e-05,2022-09-06,NJ_2022-09-06.tif
2.8270078583933844,49.293859088124734,319.43208377910946,6.762260948688855e-05,2022-09-07,NJ_2022-09-07.tif
11.204584670887572,73.30920812775275,744.6684797923598,4.226413092930535e-05,2022-09-08,NJ_2022-09-08.tif
6.654323900162215,97.55993778381364,71.788688825778,0.0,2022-09-09,NJ_2022-09-09.tif
6.458551611148023,133.46522106556526,68.00198790582877,0.0,2022-09-10,NJ_2022-09-10.tif
,105.41552130171036,667.9803848687782,0.0,2022-09-11,NJ_2022-09-11.tif
9.613219650575159,74.76879179768446,356.11096174101675,0.0006086034853819971,2022-09-12,NJ_2022-09-12.tif
6.832934331375419,53.743270381985695,617.5922021186766,0.0,2022-09-13,NJ_2022-09-13.tif
7.26834443750595,38.816181672695755,57.862220126510515,0.0,2022-09-14,NJ_2022-09-14.tif
6.511915916627057,27.9094103556574,58.08345425570774,1.690565237172214e-05,2022-09-15,NJ_2022-09-15.tif
7.003687171766494,19.900000000000002,53.279263377633264,0.0,2022-09-16,NJ_2022-09-16.tif
6.70336210786071,13.987750721181904,706.6239917394328,0.0,2022-09-17,NJ_2022-09-17.tif
9.235112220575036,9.537186591163579,63.54945269607856,2.535847855758321e-05,2022-09-18,NJ_2022-09-18.tif
8.43698247300468,6.134638932549375,61.22902064064132,2.535847855758321e-05,2022-09-19,NJ_2022-09-19.tif
6.286350650663436,3.9000000000000004,198.32464288881113,8.45282618586107e-05,2022-09-20,NJ_2022-09-20.tif
5.615910363460591,2.1,208.69029159764216,2.535847855758321e-05,2022-09-21,NJ_2022-09-21.tif
5.605312792385055,0.5,221.26430439455766,0.0,2022-09-22,NJ_2022-09-22.tif
7.745236666429302,0.5,61.4488152038166,0.0,2022-09-23,NJ_2022-09-23.tif
9.166989522553962,0.5,79.94191569217472,0.0,2022-09-24,NJ_2022-09-24.tif
4.442364088956061,0.5,595.901225046553,0.0,2022-09-25,NJ_2022-09-25.tif
6.095510189810904,0.5,132.16107486800735,0.0,2022-09-26,NJ_2022-09-26.tif
4.907081934955257,0.5,539.4749038739634,0.0,2022-09-27,NJ_2022-09-27.tif
8.012609607076863,0.5,51.61129934026515,0.0,2022-09-28,NJ_2022-09-28.tif
9.32706138378658,0.5,70.19175272665787,0.0,2022-09-29,NJ_2022-09-29.tif
3.4412110635270494,0.5,619.758684475058,0.0,2022-09-30,NJ_2022-09-30.tif
,0.5,603.9119293078537,0.0,2022-10-01,NJ_2022-10-01.tif
5.557049844281702,0.5,1429.6302301571939,0.0,2022-10-02,NJ_2022-10-02.tif
4.593714679743477,0.5,354.79288649926116,0.0,2022-10-03,NJ_2022-10-03.tif
1.8484507657812868,0.5,838.7448757724608,0.0,2022-10-04,NJ_2022-10-04.tif
2.9067188142830824,0.5,932.3523412422489,0.0,2022-10-05,NJ_2022-10-05.tif
6.1302148184784375,0.5,486.506832651444,0.0,2022-10-06,NJ_2022-10-06.tif
6.9488379024031195,64.8,101.04646259997345,8.45282618586107e-06,2022-10-07,NJ_2022-10-07.tif
16.89828567641477,84.77371846281825,475.5634904868416,0.0,2022-10-08,NJ_2022-10-08.tif
7.256379706461724,114.91113418221963,58.625417780934086,0.0,2022-10-09,NJ_2022-10-09.tif
7.843258987832498,126.19060933111875,52.080842431861505,0.0,2022-10-10,NJ_2022-10-10.tif
6.614236013008265,85.99923900697448,65.98471424060884,0.0,2022-10-11,NJ_2022-10-11.tif
6.687724299990717,63.30884834876287,53.878948236384076,0.0,2022-10-12,NJ_2022-10-12.tif
,46.7,754.9853409099377,6.762260948688855e-05,2022-10-13,NJ_2022-10-13.tif
8.999847604568426,34.3983061365054,630.1271811564965,1.690565237172214e-05,2022-10-14,NJ_2022-10-14.tif
8.453871079029973,25.022222354075687,58.633501467228214,0.0,2022-10-15,NJ_2022-10-15.tif
7.147417674661869,18.111972811771693,56.77332566501774,0.0,2022-10-16,NJ_2022-10-16.tif
,12.9,661.1211974505607,0.0,2022-10-17,NJ_2022-10-17.tif
4.525654802634298,8.9,549.3427895155115,0.0010058863161174674,2022-10-18,NJ_2022-10-18.tif
7.637000786439987,5.899715408271896,54.896269071688955,0.00038130533182729364,2022-10-19,NJ_2022-10-19.tif
9.27194203575632,3.0858328246498727,53.395183977419286,0.0004031500865585974,2022-10-20,NJ_2022-10-20.tif
7.88847005348263,1.8781132131724314,51.328048979984246,0.0,2022-10-21,NJ_2022-10-21.tif
7.049756255592817,0.5,51.56065504430683,0.0,2022-10-22,NJ_2022-10-22.tif
8.770403339847775,0.5,712.2738563201844,7.607543567274963e-05,2022-10-23,NJ_2022-10-23.tif
2.61551815401794,0.5,487.8310805115117,4.226413092930535e-05,2022-10-24,NJ_2022-10-24.tif
4.226978412589265,0.5,1823.2904478257592,0.0,2022-10-25,NJ_2022-10-25.tif
5.364439285991518,0.5,1521.5121707603473,0.0,2022-10-26,NJ_2022-10-26.tif
6.892712792022887,0.5,212.42547681812425,0.0,2022-10-27,NJ_2022-10-27.tif
7.103729717317991,0.5,51.33375758786172,0.0,2022-10-28,NJ_2022-10-28.tif
9.341952709282781,0.5,978.651600061986,0.0,2022-10-29,NJ_2022-10-29.tif
8.872436764547137,0.5,341.81821584043075,0.0,2022-10-30,NJ_2022-10-30.tif
7.836798987953214,0.5,520.116906232467,0.0,2022-10-31,NJ_2022-10-31.tif
4.1230079197748575,0.5,736.2946004175016,0.0,2022-11-01,NJ_2022-11-01.tif
6.568805462226564,0.5,51.68381272183485,0.0,2022-11-02,NJ_2022-11-02.tif
6.994751893914166,0.5,60.22340614089523,0.0,2022-11-03,NJ_2022-11-03.tif
8.52656283727156,42.63737584175087,570.8467994202357,0.0,2022-11-04,NJ_2022-11-04.tif
9.3973974600946,55.96918482113486,378.12650420113715,0.0,2022-11-05,NJ_2022-11-05.tif
7.560086247423658,73.34415297310886,663.8074119352257,1.690565237172214e-05,2022-11-06,NJ_2022-11-06.tif
10.759420101271312,95.06096847169233,1087.2443896686566,0.0,2022-11-07,NJ_2022-11-07.tif
8.456888553180894,136.6357749291929,91.52808680223792,0.0,2022-11-08,NJ_2022-11-08.tif
7.017314670434174,104.99676073778011,51.55330141700851,0.0,2022-11-09,NJ_2022-11-09.tif
8.168866230335379,75.48663920105858,61.49855488163128,0.0,2022-11-10,NJ_2022-11-10.tif
13.080808109582255,56.31253729466811,646.4466907599829,0.0,2022-11-11,NJ_2022-11-11.tif
16.300008112600285,42.483262399753,709.8803163345895,0.0,2022-11-12,NJ_2022-11-12.tif
2.9805992904425063,32.0,416.03219538956347,0.0,2022-11-13,NJ_2022-11-13.tif
7.531902357499939,23.900000000000002,124.2358013652143,0.00030559452787236546,2022-11-14,NJ_2022-11-14.tif
9.65940994884736,24.32356290606736,95.4097624175747,0.015041025211797154,2023-03-01,NJ_2023-03-01.tif
4.363463607493449,32.00147079175657,491.3441093497369,0.01612759458256711,2023-03-02,NJ_2023-03-02.tif
12.528347954464113,41.67018434627878,439.4620618100481,0.011548880953545086,2023-03-03,NJ_2023-03-03.tif
7.307614118002764,53.0,1164.8947281380458,0.018525247017271103,2023-03-04,NJ_2023-03-04.tif
8.477257403510373,67.3255268224056,634.6109883757043,0.0016821124109863527,2023-03-05,NJ_2023-03-05.tif
8.138165008716143,86.82444772135571,248.57210431450497,0.0009551693590023008,2023-03-06,NJ_2023-03-06.tif
20.43458617424621,119.35089984653091,302.2137449914929,0.0016398482800570474,2023-03-07,NJ_2023-03-07.tif
11.57946321785524,102.35426161150927,606.767592195887,0.00181735762996013,2023-03-08,NJ_2023-03-08.tif
8.91779033159961,76.7338371836983,93.29874816959016,0.0006606463760165143,2023-03-09,NJ_2023-03-09.tif
7.82526041408216,59.6,110.83780388946029,8.45282618586107e-06,2023-03-10,NJ_2023-03-10.tif
2.550628638304537,45.6,940.9865317971271,8.45282618586107e-06,2023-03-11,NJ_2023-03-11.tif
7.907969651110358,34.38619981646267,52.37862959798515,6.762260948688855e-05,2023-03-12,NJ_2023-03-12.tif
1.9906740665435791,25.371573370894232,453.62973684363175,0.0,2023-03-13,NJ_2023-03-13.tif
5.648436551405081,16.697949768636157,521.9853372304729,0.00020286782846066568,2023-03-14,NJ_2023-03-14.tif
6.040511244726156,6.083391701485608,489.08726217103356,0.0014285276254105206,2023-03-15,NJ_2023-03-15.tif
8.476597582854142,0.5,70.90865057259593,0.0,2023-03-16,NJ_2023-03-16.tif
4.145134468232023,0.5,520.9039496741934,0.0,2023-03-17,NJ_2023-03-17.tif
9.8852332005505,0.5,583.4281759878401,0.0,2023-03-18,NJ_2023-03-18.tif
11.165049591704518,0.5,133.7669269418919,0.0,2023-03-19,NJ_2023-03-19.tif
8.536914605989242,0.5,97.0360806068134,0.0,2023-03-20,NJ_2023-03-20.tif
7.868140222937461,0.5,50.900648828993425,0.0,2023-03-21,NJ_2023-03-21.tif
8.800178764833351,0.5,162.65792350523776,0.0,2023-03-22,NJ_2023-03-22.tif
21.070036916347803,0.5,631.349478054558,0.0,2023-03-23,NJ_2023-03-23.tif
7.36248078741081,0.5,396.4495297162413,1.2264885053994495e-06,2023-03-24,NJ_2023-03-24.tif
24.621081474302233,0.5,474.1593173431274,0.0,2023-03-25,NJ_2023-03-25.tif
10.0271710018284,0.5,1751.3822420044094,0.0,2023-03-26,NJ_2023-03-26.tif
8.17020787975539,0.5,112.35068985834889,0.0,2023-03-27,NJ_2023-03-27.tif
4.322969608152932,0.5,934.3487323826946,0.0,2023-03-28,NJ_2023-03-28.tif
13.718245507665326,11.104019865803188,201.34121642798465,0.0007583345280546812,2023-03-29,NJ_2023-03-29.tif
8.764176632464341,19.134724906070023,105.28512990419317,3.381130474344428e-05,2023-03-30,NJ_2023-03-30.tif
8.021453311599666,25.518169784146664,153.70061004543794,2.535847855758321e-05,2023-03-31,NJ_2023-03-31.tif
9.02861471576783,33.5,752.6048828496286,0.0,2023-04-01,NJ_2023-04-01.tif
15.116287739568767,43.41013710651012,357.30108724891153,8.45282618586107e-06,2023-04-02,NJ_2023-04-02.tif
9.070339450493378,56.23039712539637,50.56858561842776,0.0,2023-04-03,NJ_2023-04-03.tif
9.498278517809508,73.85267972340557,54.80059156523958,8.45282618586107e-06,2023-04-04,NJ_2023-04-04.tif
6.610205049687513,99.50002286572337,530.3015581873494,0.0,2023-04-05,NJ_2023-04-05.tif
6.6961836105137404,140.0,642.0284524118299,0.0,2023-04-06,NJ_2023-04-06.tif
10.928669818573564,94.9,793.0626901036467,0.0,2023-04-07,NJ_2023-04-07.tif
2.1168708197977364,71.5,628.5807237442361,0.0,2023-04-08,NJ_2023-04-08.tif
12.241855210889826,53.50601164998357,234.13617721764396,2.535847855758321e-05,2023-04-09,NJ_2023-04-09.tif
7.822271253751681,39.901665863078804,50.60430401335212,0.0,2023-04-10,NJ_2023-04-10.tif
7.601426542956296,29.0,50.80725975120506,0.0,2023-04-11,NJ_2023-04-11.tif
2.114929656120049,20.400000000000002,709.093524555044,0.0,2023-04-12,NJ_2023-04-12.tif
8.568667635597711,0.7153129410282774,56.304215822198756,0.0,2023-04-13,NJ_2023-04-13.tif
10.22547294275626,0.5627568080470936,53.961346386043765,0.0,2023-04-14,NJ_2023-04-14.tif
8.215551663240142,0.5,456.56480558085406,0.0,2023-04-15,NJ_2023-04-15.tif
6.425106453624991,0.5,1083.134718591329,0.0,2023-04-16,NJ_2023-04-16.tif
2.1653442759998143,0.5,695.6211063423548,0.0,2023-04-17,NJ_2023-04-17.tif
11.71494652085487,0.5,309.53044636723126,0.0,2023-04-18,NJ_2023-04-18.tif
8.888536325004136,0.5,144.55024716229505,0.0,2023-04-19,NJ_2023-04-19.tif
7.776959607255646,0.5,347.67481699216955,0.0,2023-04-20,NJ_2023-04-20.tif
8.224563999493403,0.5,177.30639648561294,0.0,2023-04-21,NJ_2023-04-21.tif
5.504696482690446,0.5,876.605914757392,0.0,2023-04-22,NJ_2023-04-22.tif
,0.5,737.0510144634478,0.0,2023-04-23,NJ_2023-04-23.tif
10.146266407124672,0.5,203.6976007730192,0.0,2023-04-24,NJ_2023-04-24.tif
10.563313208299991,0.5,76.58872303486301,0.0,2023-04-25,NJ_2023-04-25.tif
9.804499921549445,0.5,143.5121751359288,0.0,2023-04-26,NJ_2023-04-26.tif
2.8423994929386414,0.5,566.3832966187858,3.381130474344428e-05,2023-04-27,NJ_2023-04-27.tif
,9.033973847627642,759.5785265066537,6.762260948688855e-05,2023-04-28,NJ_2023-04-28.tif
2.58266623003754,19.844855439225732,421.12623261680386,0.00018596217608894352,2023-04-29,NJ_2023-04-29.tif
,26.900000000000002,680.6259079785576,0.00020286782846066568,2023-04-30,NJ_2023-04-30.tif
8.176575967094728,36.483244277561234,424.30358580488723,0.0015384143658267147,2023-05-01,NJ_2023-05-01.tif
4.504769910267085,48.1,330.7220626884796,0.0002197734808323878,2023-05-02,NJ_2023-05-02.tif
5.864946919126717,63.6,571.7874688343462,0.0001690565237172214,2023-05-03,NJ_2023-05-03.tif
3.95116094174365,84.3754582170927,490.0483380997874,1.690565237172214e-05,2023-05-04,NJ_2023-05-04.tif
8.20437816049676,121.81100519842478,200.73116442652932,0.0014632670836175106,2023-05-05,NJ_2023-05-05.tif
8.147159639234948,116.06753230014918,78.32748880622059,0.000138129124378365,2023-05-06,NJ_2023-05-06.tif
7.216454551637772,82.9,52.028957592502366,5.9169783301027484e-05,2023-05-07,NJ_2023-05-07.tif
6.977717678000405,62.06121892063925,492.4829769859368,5.071695711516642e-05,2023-05-08,NJ_2023-05-08.tif
10.397768495692766,45.5,370.4741127225804,5.9169783301027484e-05,2023-05-09,NJ_2023-05-09.tif
8.619294839208665,32.684505870222814,51.24632738790254,0.000490263918779942,2023-05-10,NJ_2023-05-10.tif
9.340457882420264,22.302716144969004,50.851903137241486,0.0002535847855758321,2023-05-11,NJ_2023-05-11.tif
8.757728762088412,14.713475956297014,63.630948349088406,0.0002704904379475542,2023-05-12,NJ_2023-05-12.tif
2.9768321706441547,9.4,708.967769705236,0.0,2023-05-13,NJ_2023-05-13.tif
10.562702945223966,0.5,418.37369792085315,0.0,2023-05-14,NJ_2023-05-14.tif
10.45338937860564,0.696834549186614,256.0757534990142,0.0,2023-05-15,NJ_2023-05-15.tif
9.76671954185149,0.5,51.93212413721081,0.0,2023-05-16,NJ_2023-05-16.tif
7.2015859752783635,0.5,501.1896630885801,0.0,2023-05-17,NJ_2023-05-17.tif
7.870976015133215,0.5,51.32895121144744,0.0,2023-05-18,NJ_2023-05-18.tif
8.501377550872318,0.5,141.4468162927396,0.0,2023-05-19,NJ_2023-05-19.tif
7.738963176415195,0.5,425.50113408751315,0.0,2023-05-20,NJ_2023-05-20.tif
1.8943624820986549,0.5,646.6943482249468,0.0,2023-05-21,NJ_2023-05-21.tif
8.511246198857696,0.5,51.69089605758518,0.0,2023-05-22,NJ_2023-05-22.tif
7.509835519446334,0.5,136.92912663245204,0.0,2023-05-23,NJ_2023-05-23.tif
8.245692427883315,0.5,63.62763994606746,8.45282618586107e-05,2023-05-24,NJ_2023-05-24.tif
11.402770229654593,0.5,662.2734410378096,0.0,2023-05-25,NJ_2023-05-25.tif
8.462981345547664,0.5,50.942668192595036,0.0,2023-05-26,NJ_2023-05-26.tif
10.030441293551316,0.5,50.94754378273912,0.0,2023-05-27,NJ_2023-05-27.tif
10.217125983523761,0.5825304115283284,390.02274068801023,0.0,2023-05-28,NJ_2023-05-28.tif
7.569333700202029,0.5,123.59355901274319,0.0,2023-05-29,NJ_2023-05-29.tif
10.140213164822603,23.483653062864942,270.49388232505754,0.0,2023-05-30,NJ_2023-05-30.tif
8.522920637046134,41.01740909947461,234.00349575742726,4.226413092930535e-05,2023-05-31,NJ_2023-05-31.tif
11.593084132808107,51.02037600825729,281.7764848010725,1.690565237172214e-05,2023-06-01,NJ_2023-06-01.tif
8.849622736761354,75.7522636220302,119.6117540691657,8.45282618586107e-06,2023-06-02,NJ_2023-06-02.tif
6.382781040068758,104.12088594541336,290.7140699612244,3.381130474344428e-05,2023-06-03,NJ_2023-06-03.tif
10.342354423864784,134.0406911527417,742.1886409595801,0.0,2023-06-04,NJ_2023-06-04.tif
7.185824910394882,95.80000000000001,137.32708873892958,8.45282618586107e-06,2023-06-05,NJ_2023-06-05.tif
7.501636608201013,69.92902817532294,55.09412526922659,0.00020200597167308767,2023-06-06,NJ_2023-06-06.tif
9.854646248184437,50.09957832987355,57.014586892981356,0.00038342682545825483,2023-06-07,NJ_2023-06-07.tif
8.246006752905407,35.410156650702376,61.74722277423409,0.00027811455568382105,2023-06-08,NJ_2023-06-08.tif
5.398880066539983,24.400000000000002,499.40043851936343,3.381130474344428e-05,2023-06-09,NJ_2023-06-09.tif
7.546063448604967,16.2,142.35586411501816,0.00198200542472551,2023-06-10,NJ_2023-06-10.tif
7.8299072602882,10.21174865605861,208.03385678426292,0.007453304350636486,2023-06-11,NJ_2023-06-11.tif
5.492231464385986,6.0,669.746922781774,0.0,2023-06-12,NJ_2023-06-12.tif
7.206258930172455,3.0470285879616354,664.7064313245166,0.0001352452189737771,2023-06-13,NJ_2023-06-13.tif
7.373298973067857,0.5182035755454769,53.05130954995326,0.0,2023-06-14,NJ_2023-06-14.tif
5.591816196855624,122.09463663183915,225.11491842608365,1.690565237172214e-05,2023-08-01,NJ_2023-08-01.tif
7.192930830666787,123.60010423801936,52.37463966513538,0.0,2023-08-02,NJ_2023-08-02.tif
8.006597264831406,86.73938769719865,57.50792399417582,5.071695711516642e-05,2023-08-03,NJ_2023-08-03.tif
11.390743121442936,61.64863064707271,505.95834135661215,3.381130474344428e-05,2023-08-04,NJ_2023-08-04.tif
12.448729361767773,42.618441862356896,1229.259010273495,0.0,2023-08-05,NJ_2023-08-05.tif
9.261944841209981,29.182041407299916,281.59137380800684,0.0,2023-08-06,NJ_2023-08-06.tif
,19.6,671.5841790275445,0.0,2023-08-07,NJ_2023-08-07.tif
8.292906661198773,12.899941178256638,829.8850583369315,0.0,2023-08-08,NJ_2023-08-08.tif
9.478303830114196,8.16952272856177,58.65342229242291,0.00020286782846066568,2023-08-09,NJ_2023-08-09.tif
12.361940207516529,4.88023140191415,361.72003212074026,0.0001352452189737771,2023-08-10,NJ_2023-08-10.tif
6.703893136745159,2.6,62.59364629231684,0.00010143391423033284,2023-08-11,NJ_2023-08-11.tif
7.531864052217506,1.3,94.5089436702006,2.535847855758321e-05,2023-08-12,NJ_2023-08-12.tif
2.56462966502095,0.5,517.5656236486875,2.535847855758321e-05,2023-08-13,NJ_2023-08-13.tif
5.984325676849856,0.5,524.775356000719,0.0,2023-08-14,NJ_2023-08-14.tif
5.295960360419455,0.5,223.46480437094007,0.0,2023-08-15,NJ_2023-08-15.tif
3.571452705300641,0.5,675.4664756438439,0.0,2023-08-16,NJ_2023-08-16.tif
5.54879829384687,0.5,828.5331044330112,0.0,2023-08-17,NJ_2023-08-17.tif
3.7444476571849123,0.5,684.2802802029007,0.0,2023-08-18,NJ_2023-08-18.tif
8.033452393953931,0.5,51.868542906794204,0.0,2023-08-19,NJ_2023-08-19.tif
9.784347120260001,0.5,59.732619141341885,0.0,2023-08-20,NJ_2023-08-20.tif
8.421644554600737,0.5,55.96752066177337,0.0,2023-08-21,NJ_2023-08-21.tif
4.175195923360359,0.5,644.495438573228,0.0,2023-08-22,NJ_2023-08-22.tif
7.683609876571939,0.5,63.68346963653665,0.0,2023-08-23,NJ_2023-08-23.tif
,0.5,263.41239088188667,1.690565237172214e-05,2023-08-24,NJ_2023-08-24.tif
4.823743522793297,0.5,524.9055942958345,0.0,2023-08-25,NJ_2023-08-25.tif
9.582798250949912,0.5,237.86479780756858,0.0,2023-08-26,NJ_2023-08-26.tif
7.633159577969088,0.5,83.72379439080406,0.0,2023-08-27,NJ_2023-08-27.tif
3.7532444777148206,0.5,500.54010522939876,0.0,2023-08-28,NJ_2023-08-28.tif
7.476566648584267,80.48905026864936,623.2145557666921,0.0,2023-08-29,NJ_2023-08-29.tif
9.949057525822953,111.58562904858796,494.78588663102664,2.535847855758321e-05,2023-08-30,NJ_2023-08-30.tif
2.8083230997800204,142.2585078737669,503.3079605567919,0.0,2023-08-31,NJ_2023-08-31.tif
7.045118883029727,96.6492869973374,52.762170387429386,1.690565237172214e-05,2023-09-01,NJ_2023-09-01.tif
6.695911113962258,68.45937252515796,57.448145872576035,0.0,2023-09-02,NJ_2023-09-02.tif
10.781498041590991,48.0,409.4817804303818,0.0,2023-09-03,NJ_2023-09-03.tif
10.308759109374229,33.28509882423063,169.6187992843271,0.0,2023-09-04,NJ_2023-09-04.tif
9.109247659473546,22.953443179190952,60.575780465187144,5.9169783301027484e-05,2023-09-05,NJ_2023-09-05.tif
8.295220316273456,15.12548340804144,70.3695087001956,9.298108804447176e-05,2023-09-06,NJ_2023-09-06.tif
7.479917910266807,9.9,121.20017336580767,2.535847855758321e-05,2023-09-07,NJ_2023-09-07.tif
4.775027942312547,6.2,307.0055818154845,0.0,2023-09-08,NJ_2023-09-08.tif
7.169443296300209,3.799919161140601,764.4842160045141,6.762260948688855e-05,2023-09-09,NJ_2023-09-09.tif
7.561338438866542,1.9999680217983464,514.1930559204175,0.0,2023-09-10,NJ_2023-09-10.tif
2.8106583555127678,0.9614991998819918,391.2047579798407,0.0,2023-09-11,NJ_2023-09-11.tif
7.252832317587049,0.5,249.43850249068308,0.0,2023-09-12,NJ_2023-09-12.tif
,0.5,305.61905976396696,8.45282618586107e-06,2023-09-13,NJ_2023-09-13.tif
4.669908967607956,0.5,326.25590377700286,0.0,2023-09-14,NJ_2023-09-14.tif
8.3913953990741,0.5,52.38611508937198,0.0,2023-09-15,NJ_2023-09-15.tif
6.453572256771968,0.5,146.27255259605346,0.0,2023-09-16,NJ_2023-09-16.tif
7.447807304167493,0.5,56.93229090649921,0.0,2023-09-17,NJ_2023-09-17.tif
,0.5,632.9664161922989,0.0,2023-09-18,NJ_2023-09-18.tif
6.593414752987776,0.5,89.42411200160421,0.0,2023-09-19,NJ_2023-09-19.tif
7.7818852920653745,0.5,63.322572145285754,0.0,2023-09-20,NJ_2023-09-20.tif
9.557305536200861,0.5,63.96935568746742,0.0,2023-09-21,NJ_2023-09-21.tif
8.297330664315155,0.5,549.5777785475561,0.0,2023-09-22,NJ_2023-09-22.tif
,0.5,619.3867947960429,3.795484699141539e-05,2023-09-23,NJ_2023-09-23.tif
1.4357960283729905,0.5,696.3729719722521,4.726952996485445e-05,2023-09-24,NJ_2023-09-24.tif
2.838626789661832,0.5,255.05827766208105,5.509253772902391e-05,2023-09-25,NJ_2023-09-25.tif
2.432079171298482,53.16030521320998,580.5481403865265,0.0,2023-09-26,NJ_2023-09-26.tif
10.947436840845407,74.77295323673229,199.2198296009683,1.955751941042365e-05,2023-09-27,NJ_2023-09-27.tif
7.838721110258106,101.90000009634711,905.7326394944217,0.0,2023-09-28,NJ_2023-09-28.tif
22.984193563666622,151.84245625568877,500.192519911792,0.0,2023-09-29,NJ_2023-09-29.tif
18.181412202039496,112.2,1536.5280078760431,0.0,2023-09-30,NJ_2023-09-30.tif
7.737191226603561,77.84014521972264,148.08979327867715,8.45282618586107e-06,2023-10-01,NJ_2023-10-01.tif
8.639073321070887,54.42128095461706,61.26857310493014,0.0,2023-10-02,NJ_2023-10-02.tif
7.6871920039419175,38.51671256330513,178.20260250916337,8.45282618586107e-06,2023-10-03,NJ_2023-10-03.tif
7.119901544901144,27.0,172.26468642915316,0.0,2023-10-04,NJ_2023-10-04.tif
7.322196578081907,18.793427864679586,156.85977560232604,0.0,2023-10-05,NJ_2023-10-05.tif
5.187512149837602,12.787609847404116,601.3193506572082,0.0,2023-10-06,NJ_2023-10-06.tif
4.979367229738606,8.486960431658437,1224.1006117028585,9.298108804447176e-05,2023-10-07,NJ_2023-10-07.tif
7.88749775610415,5.3008091376716004,51.34571326521897,0.00012679239278791605,2023-10-08,NJ_2023-10-08.tif
7.05753761704179,3.2,51.70348831562522,0.00028739609031927635,2023-10-09,NJ_2023-10-09.tif
4.800755484219464,0.5,249.20253465451538,0.0,2023-10-10,NJ_2023-10-10.tif
4.917109994354063,0.5024541438323198,292.5549762367847,0.0,2023-10-11,NJ_2023-10-11.tif
9.555108419098444,0.5,64.4120992096607,0.0,2023-10-12,NJ_2023-10-12.tif
8.922271922163187,0.5,138.34468397617627,0.0,2023-10-13,NJ_2023-10-13.tif
5.236850718355264,0.5,469.1638449751675,0.0,2023-10-14,NJ_2023-10-14.tif
1.6646085017143841,0.5,631.2952433958139,0.0,2023-10-15,NJ_2023-10-15.tif
7.071772629872818,0.5,56.62130984000118,0.0,2023-10-16,NJ_2023-10-16.tif
8.552016695513979,0.5,125.76120361615219,0.0,2023-10-17,NJ_2023-10-17.tif
9.034117027131158,0.5,297.1550239372432,0.0,2023-10-18,NJ_2023-10-18.tif
7.594757584233852,0.5,118.09607773948233,4.226413092930535e-05,2023-10-19,NJ_2023-10-19.tif
4.873816583368141,0.5,575.8466571807166,3.381130474344428e-05,2023-10-20,NJ_2023-10-20.tif
2.9922805714073997,0.5,721.6413962411422,0.0,2023-10-21,NJ_2023-10-21.tif
8.178220768787963,0.5,213.03913847469582,1.690565237172214e-05,2023-10-22,NJ_2023-10-22.tif
10.12228379815483,0.5,441.3529159349857,0.0,2023-10-23,NJ_2023-10-23.tif
8.050888432300834,0.6270083078022075,52.10024103813963,8.45282618586107e-06,2023-10-24,NJ_2023-10-24.tif
7.1230653165168905,0.5114950149043214,51.36868512973838,0.0,2023-10-25,NJ_2023-10-25.tif
8.699042903935435,66.58460385321253,322.97523782689404,8.45282618586107e-06,2023-10-26,NJ_2023-10-26.tif
4.720966669330267,89.0,291.3518807786875,0.0,2023-10-27,NJ_2023-10-27.tif
9.046392623889412,125.15297808142327,533.4322186928441,0.0,2023-10-28,NJ_2023-10-28.tif
10.225330074913161,132.9969884864371,624.6047932828199,0.0,2023-10-29,NJ_2023-10-29.tif
12.391081003915662,88.25019406206327,902.7308772293295,0.0,2023-10-30,NJ_2023-10-30.tif
2.255198324910799,63.800000000000004,592.6664974554512,0.0,2023-10-31,NJ_2023-10-31.tif
,,,,2023-11-01,NJ_2023-11-01.tif
,,,,2023-11-02,NJ_2023-11-02.tif
9.638218151540661,23.4116434995199,52.729868260217756,0.0,2023-11-03,NJ_2023-11-03.tif
5.831828079870637,16.612507636991563,328.2940988168528,1.690565237172214e-05,2023-11-04,NJ_2023-11-04.tif
6.416396888111739,11.53973420338271,301.3301003980284,3.381130474344428e-05,2023-11-05,NJ_2023-11-05.tif
8.580660294544751,7.800000000000001,351.02623402560926,8.45282618586107e-06,2023-11-06,NJ_2023-11-06.tif
4.486272740263285,4.992480687363509,642.7858670072093,0.0,2023-11-07,NJ_2023-11-07.tif
10.177818452343862,0.6812222720369832,218.73090560430646,0.0,2023-11-08,NJ_2023-11-08.tif
9.668034390490925,0.5,1531.1922142509663,0.0,2023-11-09,NJ_2023-11-09.tif
7.204942024765017,0.5,556.8424486345777,8.45282618586107e-06,2023-11-10,NJ_2023-11-10.tif
6.7649526513396365,0.5,214.11302615320983,0.0,2023-11-11,NJ_2023-11-11.tif
8.02312935821467,0.5,52.35540328682334,0.0,2023-11-12,NJ_2023-11-12.tif
9.243161875422228,0.5,65.1031156951579,0.0,2023-11-13,NJ_2023-11-13.tif
9.85324019930005,0.5,52.151093704550426,0.0,2023-11-14,NJ_2023-11-14.tif
7.9969479814685105,26.200000000000003,53.17390523055898,8.45282618586107e-05,2024-03-01,NJ_2024-03-01.tif
,19.404015513383236,747.2579568193162,1.690565237172214e-05,2024-03-02,NJ_2024-03-02.tif
9.540691815281187,13.999908769144183,1370.9026387237188,7.607543567274963e-05,2024-03-03,NJ_2024-03-03.tif
10.622769945196918,0.8897659279836699,359.46581406931443,0.0,2024-03-04,NJ_2024-03-04.tif
4.042639349682319,0.5,627.2696947783892,0.0,2024-03-05,NJ_2024-03-05.tif
,0.5,757.3819955133714,0.0027049043794755423,2024-03-06,NJ_2024-03-06.tif
1.7884837626456818,0.5,517.5140589559765,0.00018596217608894352,2024-03-07,NJ_2024-03-07.tif
8.166979244984903,0.5,57.152381086552715,0.0,2024-03-08,NJ_2024-03-08.tif
,0.5,733.2405974987914,0.0,2024-03-09,NJ_2024-03-09.tif
7.443134561079767,0.5,436.715333045496,0.0,2024-03-10,NJ_2024-03-10.tif
3.02055503692212,0.5,650.3611250877393,0.0,2024-03-11,NJ_2024-03-11.tif
8.20435309868052,0.5,92.1919740249623,0.0,2024-03-12,NJ_2024-03-12.tif
8.997401557160073,0.5,59.110500747080486,0.0,2024-03-13,NJ_2024-03-13.tif
9.205158418209322,0.5,56.528524327150784,0.0,2024-03-14,NJ_2024-03-14.tif
,0.5,629.526364215706,0.0,2024-03-15,NJ_2024-03-15.tif
9.028336111462648,0.5,918.5997797955903,0.0,2024-03-16,NJ_2024-03-16.tif
2.2978765890481534,0.5,486.79008049245283,0.0,2024-03-17,NJ_2024-03-17.tif
6.035592815024018,20.1,375.1211343361261,8.45282618586107e-06,2024-03-18,NJ_2024-03-18.tif
8.815861879505162,26.70006129794665,99.96999558298386,0.00014369804515963817,2024-03-19,NJ_2024-03-19.tif
7.046095844574451,34.64232735813517,222.67302993212024,5.9169783301027484e-05,2024-03-20,NJ_2024-03-20.tif
9.737198628115,44.748623032856365,51.482219115486295,6.762260948688855e-05,2024-03-21,NJ_2024-03-21.tif
8.180810530671655,56.6,51.70469982108179,1.690565237172214e-05,2024-03-22,NJ_2024-03-22.tif
,71.22720184772224,751.7149309893022,0.0,2024-03-23,NJ_2024-03-23.tif
8.196403377921511,92.9,109.30861888278511,2.535847855758321e-05,2024-03-24,NJ_2024-03-24.tif
7.887716133424294,136.11880435240388,8242.91236040198,6.762260948688855e-05,2024-03-25,NJ_2024-03-25.tif
10.154898821713328,92.8858089977928,192.39942454485228,0.0,2024-03-26,NJ_2024-03-26.tif
21.402713631644062,70.10508832277155,1935.7524300466448,1.690565237172214e-05,2024-03-27,NJ_2024-03-27.tif
,54.7,623.4798323025578,0.0,2024-03-28,NJ_2024-03-28.tif
2.2397937576788256,42.2,333.04613032103344,0.0,2024-03-29,NJ_2024-03-29.tif
9.780562641368583,32.16337487872912,184.2426484196114,0.0001098867404161939,2024-03-30,NJ_2024-03-30.tif
9.533028852615997,23.936108852575977,146.6065325098181,0.0019190898792323166,2024-03-31,NJ_2024-03-31.tif
4.396168009137785,17.160260903906533,628.3394517099142,0.000735395878169913,2024-04-01,NJ_2024-04-01.tif
2.3127079435617803,0.5,627.2610324547098,0.0,2024-04-02,NJ_2024-04-02.tif
,0.5,690.1157181960336,1.690565237172214e-05,2024-04-03,NJ_2024-04-03.tif
4.403471162713239,0.5,799.1214818632988,5.071695711516642e-05,2024-04-04,NJ_2024-04-04.tif
7.780894475318958,0.5,444.6575424982406,0.0,2024-04-05,NJ_2024-04-05.tif
7.632466907961632,0.5,274.60105958662314,8.45282618586107e-06,2024-04-06,NJ_2024-04-06.tif
11.9454014205253,0.5,299.29216404780965,8.45282618586107e-06,2024-04-07,NJ_2024-04-07.tif
8.214930138117461,0.5,51.07066890859917,0.0,2024-04-08,NJ_2024-04-08.tif
7.000827020182768,0.5,190.04244585011818,0.0,2024-04-09,NJ_2024-04-09.tif
12.797927059891173,0.5,401.8895099598324,0.0001098867404161939,2024-04-10,NJ_2024-04-10.tif
12.539506487069874,0.5,737.0069898905849,0.00014369804515963817,2024-04-11,NJ_2024-04-11.tif
4.199786724633328,0.5,578.925112766502,0.0001352452189737771,2024-04-12,NJ_2024-04-12.tif
8.284643053805507,0.5,342.14158457342614,0.0002620376117616932,2024-04-13,NJ_2024-04-13.tif
7.9274787903147805,0.5,100.5668411539931,0.0,2024-04-14,NJ_2024-04-14.tif
19.261956036622784,0.5026896892923407,507.3977482002531,0.0,2024-04-15,NJ_2024-04-15.tif
10.917929010069061,14.261926511818132,56.81233065135648,2.535847855758321e-05,2024-04-16,NJ_2024-04-16.tif
8.068255637704823,21.160390205613222,122.53970665378293,3.381130474344428e-05,2024-04-17,NJ_2024-04-17.tif
2.6539339066120156,28.1,716.0736613085143,2.535847855758321e-05,2024-04-18,NJ_2024-04-18.tif
11.286436673805815,36.2594762826762,1264.1738856398904,0.0,2024-04-19,NJ_2024-04-19.tif
8.452326600683131,46.2,1078.4642646828465,0.0,2024-04-20,NJ_2024-04-20.tif
13.052214233629508,59.011425048704794,387.87239626849015,3.381130474344428e-05,2024-04-21,NJ_2024-04-21.tif
9.197501241499472,76.20143304567702,64.05426654744299,0.0,2024-04-22,NJ_2024-04-22.tif
7.674171320811034,102.80000000000001,51.03057062377711,0.0,2024-04-23,NJ_2024-04-23.tif
2.68020440314723,117.77854247079247,741.42883358457,0.0,2024-04-24,NJ_2024-04-24.tif
,,,,2024-04-25,NJ_2024-04-25.tif
8.004302123074083,65.29656295478367,50.82781709078577,0.0,2024-04-26,NJ_2024-04-26.tif
7.327021171273326,49.75582775469319,629.6370093237977,8.45282618586107e-06,2024-04-27,NJ_2024-04-27.tif
5.630875655800331,37.73843380739233,642.6560280832723,9.298108804447176e-05,2024-04-28,NJ_2024-04-28.tif
4.574917733539794,28.0,142.26157651838042,0.00027907585748535035,2024-04-29,NJ_2024-04-29.tif
5.523481690230353,20.200000000000003,566.7894334368929,0.00012679239278791605,2024-04-30,NJ_2024-04-30.tif
7.87208309868733,0.8831844746445072,662.7790641726955,0.0,2024-05-01,NJ_2024-05-01.tif
7.531154688726478,0.6431652386639167,1266.000205784883,1.690565237172214e-05,2024-05-02,NJ_2024-05-02.tif
9.428298912371268,0.5,75.72790093950681,0.0,2024-05-03,NJ_2024-05-03.tif
7.485152319888565,0.5,1080.5720557853363,0.0,2024-05-04,NJ_2024-05-04.tif
1.4874473044073395,0.5,662.8465876023571,0.0,2024-05-05,NJ_2024-05-05.tif
4.751049565177155,0.5,1113.2863132998598,0.0,2024-05-06,NJ_2024-05-06.tif
12.524532655234513,0.5,380.23481003101864,0.0,2024-05-07,NJ_2024-05-07.tif
12.4288866498316,0.5,597.9709520451272,0.0,2024-05-08,NJ_2024-05-08.tif
5.562922742242158,0.5,287.98268291045775,0.0,2024-05-09,NJ_2024-05-09.tif
,0.5,509.2147947662091,0.0,2024-05-10,NJ_2024-05-10.tif
2.988331149567011,0.5,4172.120429503017,0.0,2024-05-11,NJ_2024-05-11.tif
5.885564031515753,0.5,476.1106307217139,0.0,2024-05-12,NJ_2024-05-12.tif
10.04704354057497,0.5,287.46559045062673,0.0,2024-05-13,NJ_2024-05-13.tif
8.932286391060277,0.5,161.59175925688032,0.0,2024-05-14,NJ_2024-05-14.tif
,0.5,527.4010533547357,0.0,2024-05-15,NJ_2024-05-15.tif
4.502167896036248,0.5,291.8890318282046,0.0,2024-05-16,NJ_2024-05-16.tif
3.3757999124804154,20.189294435974237,1763.3942545643174,1.690565237172214e-05,2024-05-17,NJ_2024-05-17.tif
2.9155859771993247,26.967937409256383,575.3705218791459,0.0,2024-05-18,NJ_2024-05-18.tif
17.06586556923302,2.110699716664729,1185.7513268036646,4.226413092930535e-05,2024-05-19,NJ_2024-05-19.tif
9.484050888114469,50.1,861.9979606479516,0.00010143391423033284,2024-05-20,NJ_2024-05-20.tif
7.900326539156558,64.7,115.12313901501365,0.00021132065464652674,2024-05-21,NJ_2024-05-21.tif
5.955118245824669,84.2677850629362,61.45571708556483,1.690565237172214e-05,2024-05-22,NJ_2024-05-22.tif
7.972684734846239,114.82997860089353,133.44059680267705,7.607543567274963e-05,2024-05-23,NJ_2024-05-23.tif
9.884284747151703,101.26518967415878,312.9485327302549,8.45282618586107e-06,2024-05-24,NJ_2024-05-24.tif
6.697781324790447,75.9,97.38643579954224,2.535847855758321e-05,2024-05-25,NJ_2024-05-25.tif
0.35384285406211724,58.2,674.3427310086946,0.0,2024-05-26,NJ_2024-05-26.tif
6.405314347202094,43.7,676.4528494559938,5.071695711516642e-05,2024-05-27,NJ_2024-05-27.tif
7.257872782247055,32.16351357472368,125.34218475723394,0.00016060369753136033,2024-05-28,NJ_2024-05-28.tif
9.766145648052191,22.537381506721346,58.10675468655334,0.000363471525992026,2024-05-29,NJ_2024-05-29.tif
7.752064193813054,0.5,126.18334166737802,0.0,2024-06-04,NJ_2024-06-04.tif
5.041251904611647,0.5,773.266707450172,0.0,2024-06-05,NJ_2024-06-05.tif
,0.5,714.7188177313756,0.0,2024-06-06,NJ_2024-06-06.tif
6.595040677537295,0.5,159.82991402149847,0.0,2024-06-07,NJ_2024-06-07.tif
9.48903422108766,0.5,71.50537568254501,0.0,2024-06-08,NJ_2024-06-08.tif
9.748400503974528,0.5,131.71899510813398,0.0,2024-06-09,NJ_2024-06-09.tif
7.098137943160009,0.5,68.77214392676865,0.0,2024-06-10,NJ_2024-06-10.tif
9.65956911852186,0.5,352.03502811393395,0.0,2024-06-11,NJ_2024-06-11.tif
6.263954832433313,0.5,336.3563289873098,0.0,2024-06-12,NJ_2024-06-12.tif
8.196031716646738,0.5,52.04983474724806,0.0,2024-06-13,NJ_2024-06-13.tif
9.604227261865878,0.5,52.821627633117416,0.0,2024-06-14,NJ_2024-06-14.tif
10.225219451030991,0.7771220579829822,64.59310425069414,0.008634313336322204,2024-08-01,NJ_2024-08-01.tif
9.4732441282802,0.5,58.454203631897535,0.00010143391423033284,2024-08-02,NJ_2024-08-02.tif
3.0596757781718837,0.5,567.9084048439663,4.226413092930535e-05,2024-08-03,NJ_2024-08-03.tif
6.969596255149164,0.5,685.3016631018364,8.45282618586107e-06,2024-08-04,NJ_2024-08-04.tif
7.787945846825392,0.5,69.62472614086211,0.0,2024-08-05,NJ_2024-08-05.tif
10.540221755854411,0.5,80.53925676453979,0.0,2024-08-06,NJ_2024-08-06.tif
1.702376594900103,0.5,516.7135226821661,0.0,2024-08-07,NJ_2024-08-07.tif
4.0846262820531525,0.5,965.2942211010728,0.0,2024-08-08,NJ_2024-08-08.tif
2.1471757078107534,0.5,647.5325253646931,0.0,2024-08-09,NJ_2024-08-09.tif
8.616224391887203,0.5,575.1453033197232,0.0,2024-08-10,NJ_2024-08-10.tif
9.910231368799101,0.5,262.3568250853361,0.0,2024-08-11,NJ_2024-08-11.tif
10.263432221872074,0.5,81.62501552585287,0.0,2024-08-12,NJ_2024-08-12.tif
8.034095745978838,0.5,56.08769319887253,0.0,2024-08-13,NJ_2024-08-13.tif
8.051534374122895,0.5,70.66260975207518,0.0,2024-08-14,NJ_2024-08-14.tif
7.988895048195041,0.5,60.15893096609991,0.0,2024-08-15,NJ_2024-08-15.tif
8.87201807403741,0.5,56.696000735892994,0.0,2024-08-16,NJ_2024-08-16.tif
11.701855281231113,8.091904227823814,477.55709159797345,0.0,2024-08-17,NJ_2024-08-17.tif
2.890404085970237,86.09775015581488,515.9644337559473,0.0,2024-08-18,NJ_2024-08-18.tif
7.355205197764733,122.80000000000001,447.3767215465026,2.535847855758321e-05,2024-08-19,NJ_2024-08-19.tif
5.951060142233335,127.31363786959966,388.21376441641917,0.0,2024-08-20,NJ_2024-08-20.tif
8.265976264375514,88.28029694949923,51.55795033881751,8.45282618586107e-06,2024-08-21,NJ_2024-08-21.tif
10.304767212673593,63.38565054868958,52.73849915927528,0.00014369804515963817,2024-08-22,NJ_2024-08-22.tif
8.714367547672492,43.82013576229834,53.93799258637421,1.690565237172214e-05,2024-08-23,NJ_2024-08-23.tif
8.070103891168667,30.200000000000003,154.58669873215902,8.45282618586107e-06,2024-08-24,NJ_2024-08-24.tif
8.212874159034445,20.22252368237615,115.58681617672053,0.00010143391423033284,2024-08-25,NJ_2024-08-25.tif
8.252038605988998,13.200000000000001,91.69899651693841,8.45282618586107e-06,2024-08-26,NJ_2024-08-26.tif
9.1364948272794,8.193271431005236,54.28713435104246,0.0006086034853819971,2024-08-27,NJ_2024-08-27.tif
9.429194276729781,4.711810424658015,68.59738907115864,8.45282618586107e-06,2024-08-28,NJ_2024-08-28.tif
14.530019733991185,2.4000000000000004,472.6945486397987,0.0,2024-08-29,NJ_2024-08-29.tif
5.760620593221564,1.1,665.4529353433383,0.0,2024-08-30,NJ_2024-08-30.tif
6.155141831396695,0.5,1969.7559981337463,0.0,2024-08-31,NJ_2024-08-31.tif
4.100440368669511,0.5,589.562414756977,0.0,2024-09-01,NJ_2024-09-01.tif
11.774914921182114,0.5,269.9495099101097,0.0,2024-09-02,NJ_2024-09-02.tif
8.099245363620083,0.5,51.41492646455566,0.0,2024-09-03,NJ_2024-09-03.tif
7.629585750661608,0.5,58.29911913264049,0.0,2024-09-04,NJ_2024-09-04.tif
8.034928759688718,0.5,76.05931556969153,0.0,2024-09-05,NJ_2024-09-05.tif
9.411540639553536,0.5,946.9792678029372,0.0,2024-09-06,NJ_2024-09-06.tif
9.492849235515454,0.5,766.4698892928387,0.0,2024-09-07,NJ_2024-09-07.tif
8.251601418545805,0.5,51.57438475441631,0.0,2024-09-08,NJ_2024-09-08.tif
7.4933388166559665,0.5,53.80448559994747,0.0,2024-09-09,NJ_2024-09-09.tif
8.003587449651762,0.5,109.45343893288887,0.0,2024-09-10,NJ_2024-09-10.tif
8.099624074040586,0.5,247.08866620203688,0.0,2024-09-11,NJ_2024-09-11.tif
9.846508943158131,0.5,424.29345229166836,0.0,2024-09-12,NJ_2024-09-12.tif
9.71295260732525,0.5,224.03930139877687,0.0,2024-09-13,NJ_2024-09-13.tif
10.172783794355055,0.5,656.1588305266378,0.0,2024-09-14,NJ_2024-09-14.tif
8.007534179287878,57.592961517204635,74.74921734287888,8.45282618586107e-05,2024-09-15,NJ_2024-09-15.tif
7.456846741501393,79.9,264.3443699951182,3.381130474344428e-05,2024-09-16,NJ_2024-09-16.tif
11.171078103763241,112.5271921718906,522.5386872760932,1.690565237172214e-05,2024-09-17,NJ_2024-09-17.tif
,158.51439898519683,509.18509962318694,0.0,2024-09-18,NJ_2024-09-18.tif
8.14723379026467,100.89941461040156,275.717940924689,4.226413092930535e-05,2024-09-19,NJ_2024-09-19.tif
6.944630689080423,71.10000000000001,58.94231542798218,8.45282618586107e-06,2024-09-20,NJ_2024-09-20.tif
8.52136336533373,49.62403148765408,491.1348325553122,7.607543567274963e-05,2024-09-21,NJ_2024-09-21.tif
15.08047077268141,34.28706902554825,617.4065293938735,5.071695711516642e-05,2024-09-22,NJ_2024-09-22.tif
7.9993605673618156,23.215562481665376,560.8749446132703,0.010381197599728841,2024-09-23,NJ_2024-09-23.tif
4.301057133054697,15.010626468780634,389.7702871889125,0.0027725269889624306,2024-09-24,NJ_2024-09-24.tif
6.7809949751498,9.600000000000001,721.7362412602345,0.0011157730565336612,2024-09-25,NJ_2024-09-25.tif
,,,,2024-09-27,NJ_2024-09-27.tif
4.433369844499938,0.5797226047631525,456.64096799776536,0.0001352452189737771,2024-09-28,NJ_2024-09-28.tif
2.1104849938627277,0.5,1561.8841751989132,0.0,2024-09-29,NJ_2024-09-29.tif
6.624049466943789,0.5,796.7372371357519,0.0,2024-09-30,NJ_2024-09-30.tif
1.4281265788614286,0.5,586.154063000073,0.0,2024-10-01,NJ_2024-10-01.tif
11.9935009234185,0.5,684.5287311064819,0.0,2024-10-02,NJ_2024-10-02.tif
6.759503506570225,0.5,1345.8933934202203,1.690565237172214e-05,2024-10-03,NJ_2024-10-03.tif
11.645169742891246,0.5,354.8179323226948,3.381130474344428e-05,2024-10-04,NJ_2024-10-04.tif
9.254859661839708,0.5,655.768785768093,0.0,2024-10-05,NJ_2024-10-05.tif
7.324163464828505,0.5,54.292372385113936,0.0,2024-10-06,NJ_2024-10-06.tif
4.149185730379434,0.5,649.1622868043925,0.0,2024-10-07,NJ_2024-10-07.tif
8.172685715126324,0.5,51.69534933790328,0.0,2024-10-08,NJ_2024-10-08.tif
10.261260744359316,0.5,52.69154473741128,0.0,2024-10-09,NJ_2024-10-09.tif
8.646566373499148,0.5,52.06975504206933,0.0,2024-10-10,NJ_2024-10-10.tif
7.486140535835559,0.5,51.4700540069296,0.0,2024-10-11,NJ_2024-10-11.tif
8.08251618126832,0.5,55.74390827191915,0.0,2024-10-12,NJ_2024-10-12.tif
10.231319342218788,0.5,864.9816977750005,0.0,2024-10-13,NJ_2024-10-13.tif
10.466880562384505,46.58208826564636,361.95157014561187,0.0,2024-10-14,NJ_2024-10-14.tif
9.256005464006538,73.8289156465379,144.3216698806741,1.690565237172214e-05,2024-10-15,NJ_2024-10-15.tif
7.836648433543212,102.4,57.0944476036651,5.9169783301027484e-05,2024-10-16,NJ_2024-10-16.tif
8.993838701929317,156.1505165452861,212.8759082354555,0.0,2024-10-17,NJ_2024-10-17.tif
7.419683049485844,118.0685524068809,52.645517143077335,8.45282618586107e-06,2024-10-18,NJ_2024-10-18.tif
8.310626248542368,81.19309814147626,51.14101491923818,0.0,2024-10-19,NJ_2024-10-19.tif
9.218072076980555,56.09336762076443,51.59886924389466,1.690565237172214e-05,2024-10-20,NJ_2024-10-20.tif
7.812288072855846,39.10280542673884,51.144272737895214,1.690565237172214e-05,2024-10-21,NJ_2024-10-21.tif
7.469073106546511,26.902784573041014,52.44653933837563,8.45282618586107e-06,2024-10-22,NJ_2024-10-22.tif
7.699288197968216,18.3,53.66314274420164,8.45282618586107e-06,2024-10-23,NJ_2024-10-23.tif
6.437826558144413,12.199834682582424,195.66346806199076,8.45282618586107e-06,2024-10-24,NJ_2024-10-24.tif
9.930724262345906,7.899054834824803,51.17448114978323,2.535847855758321e-05,2024-10-25,NJ_2024-10-25.tif
10.259077933764129,4.549538513819456,96.54645260574962,1.690565237172214e-05,2024-10-26,NJ_2024-10-26.tif
6.382014959810025,2.7,205.6635548443392,0.0001098867404161939,2024-10-27,NJ_2024-10-27.tif
7.338779596739087,0.5,257.9632119082087,0.0,2024-10-28,NJ_2024-10-28.tif
8.216626973938212,0.5,158.92179103784957,0.0,2024-10-29,NJ_2024-10-29.tif
9.484660344594358,0.5,269.55896268905934,0.0,2024-10-30,NJ_2024-10-30.tif
11.249531502298515,0.5,122.77990885864455,0.0,2024-10-31,NJ_2024-10-31.tif
5.023960974094883,0.5,459.54884734113045,0.0,2024-11-01,NJ_2024-11-01.tif
9.109570401056867,0.5,338.05517275670655,0.0,2024-11-02,NJ_2024-11-02.tif
,,,,2024-11-06,NJ_2024-11-06.tif
9.714720621067098,0.5,642.9717988857191,0.0,2024-11-07,NJ_2024-11-07.tif
8.464071790769857,0.5,92.08743411146314,0.0,2024-11-08,NJ_2024-11-08.tif
9.517890878866897,0.5,52.71838063739277,0.0,2024-11-09,NJ_2024-11-09.tif
10.907643767895665,0.5,71.84691964925744,0.0,2024-11-10,NJ_2024-11-10.tif
,0.5,414.4248001279519,0.0,2024-11-11,NJ_2024-11-11.tif
8.295412810720931,47.7,80.65765467221689,0.0,2024-11-12,NJ_2024-11-12.tif
8.73082114314993,65.83421266481065,51.4874198908259,8.45282618586107e-06,2024-11-13,NJ_2024-11-13.tif
9.605197738202142,89.66239134416749,234.61442824503578,0.0,2024-11-14,NJ_2024-11-14.tif
7.2516979085313045,0.5,247.15814617919813,0.0,2025-03-01,NJ_2025-03-01.tif
11.842165480384907,0.5,94.02812377920891,0.0,2025-03-02,NJ_2025-03-02.tif
11.924919094936396,0.5,147.8338440221529,0.0,2025-03-03,NJ_2025-03-03.tif
9.268839672617016,0.5,475.9580058954313,0.0,2025-03-04,NJ_2025-03-04.tif
10.840856948594604,0.5,442.29400779151655,0.0,2025-03-05,NJ_2025-03-05.tif
7.783228845963073,0.5,1685.5629617708473,0.0,2025-03-06,NJ_2025-03-06.tif
12.224208495693365,9.888958785842688,82.62175979554105,0.0002704904379475542,2025-03-07,NJ_2025-03-07.tif
14.568474582317075,26.460662950210864,226.13160838222026,0.0,2025-03-08,NJ_2025-03-08.tif
7.5629083324988535,35.300000000000004,52.130692716965484,7.608058044013026e-05,2025-03-09,NJ_2025-03-09.tif
8.8754364785914,45.79999705301232,52.52354160157838,8.45282618586107e-06,2025-03-10,NJ_2025-03-10.tif
8.434483846205078,58.41599802772028,60.54909346753973,1.9358629382521035e-05,2025-03-11,NJ_2025-03-11.tif
9.449682547429832,73.81067300232192,57.694332545783986,0.0,2025-03-12,NJ_2025-03-12.tif
12.081887976231874,97.01778680125025,302.6880092682752,1.690565237172214e-05,2025-03-13,NJ_2025-03-13.tif
5.300876316748633,139.9783802594967,9627.568467510904,0.0,2025-03-14,NJ_2025-03-14.tif
15.797785204258753,93.10000000000001,649.9840695717326,0.0,2025-03-15,NJ_2025-03-15.tif
13.630072062782984,69.56021441995301,1553.9386560172125,8.45282618586107e-06,2025-03-16,NJ_2025-03-16.tif
,53.7,582.5125093043239,0.0,2025-03-17,NJ_2025-03-17.tif
10.44967364405292,41.268596209230765,54.00334009283181,0.00015215087134549927,2025-03-18,NJ_2025-03-18.tif
9.220023862984933,31.20304983278638,50.816940259236475,2.535847855758321e-05,2025-03-19,NJ_2025-03-19.tif
7.63239128697336,23.6,1354.1726212296874,1.690565237172214e-05,2025-03-20,NJ_2025-03-20.tif
5.244290960251598,17.5,738.9957209804958,0.0015713969621205647,2025-03-21,NJ_2025-03-21.tif
12.742479481617178,0.5,353.40915248815514,0.0,2025-03-22,NJ_2025-03-22.tif
10.82114062275899,0.5313989609653487,62.030257869208135,8.45282618586107e-06,2025-03-23,NJ_2025-03-23.tif
1.0440682151861358,0.5,432.2770935868737,0.0,2025-03-24,NJ_2025-03-24.tif
2.8050018323006483,0.5,420.11734995611994,0.0,2025-03-25,NJ_2025-03-25.tif
10.940928009889074,0.5,293.81416929021947,0.0,2025-03-26,NJ_2025-03-26.tif
8.454757722193323,0.5,58.51337613336227,0.0,2025-03-27,NJ_2025-03-27.tif
9.39114842691391,0.5,208.43201360407772,0.0,2025-03-28,NJ_2025-03-28.tif
11.755758318569557,0.5,471.3270587065353,0.0,2025-03-29,NJ_2025-03-29.tif
3.2241591195147583,0.5,486.08726286714875,0.0,2025-03-30,NJ_2025-03-30.tif
4.2915352937807105,0.5,445.00969128124086,0.0,2025-03-31,NJ_2025-03-31.tif
,0.5,489.87912737000227,0.0,2025-04-01,NJ_2025-04-01.tif
10.044948828416448,0.5,70.24353573432253,0.0,2025-04-02,NJ_2025-04-02.tif
,0.5,754.5197933864087,0.0,2025-04-03,NJ_2025-04-03.tif
4.543107184069821,1.3611923291427084,630.9607339042019,3.381130474344428e-05,2025-04-04,NJ_2025-04-04.tif
2.96518602070102,0.5,743.0072841815299,0.0,2025-04-05,NJ_2025-04-05.tif
5.556078435928555,21.552630156583234,689.0864341255505,0.0,2025-04-06,NJ_2025-04-06.tif
1.5296402151906443,28.8,727.462922672384,8.45282618586107e-06,2025-04-07,NJ_2025-04-07.tif
3.9994950371576388,37.40075892452554,675.5840171973566,0.0,2025-04-08,NJ_2025-04-08.tif
10.326115939533022,48.190845622491985,50.94025751286364,0.0001690565237172214,2025-04-09,NJ_2025-04-09.tif
5.939901358757255,60.800000000000004,544.6100803764327,2.535847855758321e-05,2025-04-10,NJ_2025-04-10.tif
11.218600989646445,76.29970566920645,654.3768806916735,0.0,2025-04-11,NJ_2025-04-11.tif
13.848166822748505,100.29468761103074,676.696915696317,8.45282618586107e-06,2025-04-12,NJ_2025-04-12.tif
18.621403710416878,114.45306916326011,955.2693061472772,4.226413092930535e-05,2025-04-13,NJ_2025-04-13.tif
10.529491012771869,82.15446455251447,60.76309476198239,3.381130474344428e-05,2025-04-14,NJ_2025-04-14.tif
8.211959118694226,63.209469131123235,500.18911411895476,0.0,2025-04-15,NJ_2025-04-15.tif
6.183764034403838,49.300000000000004,289.01896764473605,0.0,2025-04-16,NJ_2025-04-16.tif
6.849630756565856,38.1,1048.572131230956,2.535847855758321e-05,2025-04-17,NJ_2025-04-17.tif
9.743662425705006,29.182470499275748,71.19016581627356,0.012381235720317522,2025-04-18,NJ_2025-04-18.tif
2.1441312125931407,22.0,732.8572732342918,5.071695711516642e-05,2025-04-19,NJ_2025-04-19.tif
11.990671885880497,9.006237396805455,413.5934915227267,0.0,2025-04-20,NJ_2025-04-20.tif
4.8864203338773775,10.323864101758787,768.5517550138919,0.000735395878169913,2025-04-21,NJ_2025-04-21.tif
13.789992576422625,0.5,919.7558035530051,0.0,2025-04-22,NJ_2025-04-22.tif
13.098779053048716,0.5,448.7710969696619,0.0,2025-04-23,NJ_2025-04-23.tif
10.79565414962106,0.5,105.092578037403,0.0,2025-04-24,NJ_2025-04-24.tif
10.727183599095447,0.5,59.01411287174808,0.0,2025-04-25,NJ_2025-04-25.tif
0.44501217710645646,0.5,575.9595940986004,0.0,2025-04-26,NJ_2025-04-26.tif
8.704476508775532,0.5,66.76087733706132,0.0,2025-04-27,NJ_2025-04-27.tif
8.724524244549057,0.5,52.335491279086504,0.0,2025-04-28,NJ_2025-04-28.tif
10.643477346445373,0.5,82.27586895467543,0.0,2025-04-29,NJ_2025-04-29.tif
10.325374403713838,0.5,470.7117365171195,0.0,2025-04-30,NJ_2025-04-30.tif
6.983819635979778,0.5,250.33237997608254,0.0,2025-05-01,NJ_2025-05-01.tif
6.552722378513485,0.5,399.08849091362646,0.0,2025-05-02,NJ_2025-05-02.tif
5.876492013362168,0.5,298.11592311905935,8.45282618586107e-06,2025-05-03,NJ_2025-05-03.tif
1.9732410808404286,0.5,746.093334316732,8.45282618586107e-06,2025-05-04,NJ_2025-05-04.tif
3.7102084943606344,16.658308625967887,778.6034432173105,5.9169783301027484e-05,2025-05-05,NJ_2025-05-05.tif
6.533231818459189,2.8945720856194357,533.9618767594511,5.071695711516642e-05,2025-05-06,NJ_2025-05-06.tif
3.5052134053204846,30.900000000000002,514.7488554293246,0.00012679239278791605,2025-05-07,NJ_2025-05-07.tif
8.169057826583474,39.39515068320649,527.7805740463434,0.00010143391423033284,2025-05-08,NJ_2025-05-08.tif
,49.7,621.0667288308487,0.0,2025-05-09,NJ_2025-05-09.tif
9.331471495317158,62.5469144184425,171.0030107640938,0.0005071695711516642,2025-05-10,NJ_2025-05-10.tif
10.108898212205466,79.8271748916357,71.99772688587109,0.00032120739506272066,2025-05-11,NJ_2025-05-11.tif
10.760032839531684,104.5,316.0589891911551,2.535847855758321e-05,2025-05-12,NJ_2025-05-12.tif
,98.4,753.8893148487143,0.0,2025-05-13,NJ_2025-05-13.tif
4.738203148688039,74.9,531.2556252978164,0.0,2025-05-14,NJ_2025-05-14.tif
6.151871445423575,58.62117248653782,749.4568833103922,0.0003465658736203038,2025-05-15,NJ_2025-05-15.tif
8.356131031851383,45.22259935022414,1455.6009588488232,0.00032120739506272066,2025-05-16,NJ_2025-05-16.tif
8.866480403264285,34.713032236003365,648.9747291324995,1.690565237172214e-05,2025-05-17,NJ_2025-05-17.tif
6.735338792640417,26.200000000000003,214.58543385787775,0.00010143391423033284,2025-05-18,NJ_2025-05-18.tif
9.5986857581266,19.200000000000003,470.27354558766575,0.0002620376117616932,2025-05-19,NJ_2025-05-19.tif
9.269021827611153,13.491848154092176,51.301851185508774,0.0014248813082323065,2025-05-20,NJ_2025-05-20.tif
1.454402568272668,0.5,666.7348113403789,0.0,2025-05-21,NJ_2025-05-21.tif
3.125333690215742,5.199562988886361,318.6567536340936,0.0,2025-05-22,NJ_2025-05-22.tif
3.8317095142208575,0.5,598.4283592650036,0.0,2025-05-23,NJ_2025-05-23.tif
8.474397976166085,0.5,106.31202872418349,0.0,2025-05-24,NJ_2025-05-24.tif
8.60207941711045,0.5,116.07439726791395,0.0,2025-05-25,NJ_2025-05-25.tif
10.654726319338483,0.5,80.68549450276265,8.45282618586107e-06,2025-05-26,NJ_2025-05-26.tif
11.10578893044301,0.5,121.60187182034947,0.0,2025-05-27,NJ_2025-05-27.tif
,0.5,544.0614322899613,0.0,2025-05-28,NJ_2025-05-28.tif
3.522914950888052,0.5,471.1554797931867,0.0,2025-05-29,NJ_2025-05-29.tif
22.239739727584976,0.5,691.9549426575192,0.0,2025-05-30,NJ_2025-05-30.tif
4.721591285613319,0.5,458.10845778186234,0.0,2025-05-31,NJ_2025-05-31.tif
11.796778345730077,0.5,120.04873057610972,0.0,2025-06-01,NJ_2025-06-01.tif
9.348268822195198,0.5,59.48331519843006,0.0,2025-06-02,NJ_2025-06-02.tif
,,,,2025-06-03,NJ_2025-06-03.tif
8.640119719397658,0.5,52.49966584817887,0.0,2025-06-04,NJ_2025-06-04.tif
13.345587499320777,0.5,377.13648466847974,0.0,2025-06-05,NJ_2025-06-05.tif
10.380541424451797,26.06305809000559,143.82695917865053,0.0001690565237172214,2025-06-06,NJ_2025-06-06.tif
3.775450567725266,0.5,706.5621175821257,0.0,2025-06-07,NJ_2025-06-07.tif
38.600643157958984,18.907982769719965,747.4440116340346,0.0,2025-06-08,NJ_2025-06-08.tif
3.461502670596661,67.10000000000001,854.2585897205348,0.0,2025-06-09,NJ_2025-06-09.tif
,86.30000000000001,705.0103132103569,0.0,2025-06-10,NJ_2025-06-10.tif
9.697566370611577,109.37191071520643,105.41237802033162,0.00012679239278791605,2025-06-11,NJ_2025-06-11.tif
10.840662039851615,89.3352567546226,61.83684679749754,0.00039728283073547026,2025-06-12,NJ_2025-06-12.tif
3.638082203568421,69.00029890850713,712.46943310541,9.298108804447176e-05,2025-06-13,NJ_2025-06-13.tif
7.390124479929606,53.767867157940174,643.5628120066591,0.0,2025-06-14,NJ_2025-06-14.tif
1.2265790280833664,0.5,751.6448423423595,0.0,2025-08-01,NJ_2025-08-01.tif
7.497757251525202,0.5,73.4533216540688,0.0,2025-08-02,NJ_2025-08-02.tif
9.407725695094367,0.5,61.989566560619586,0.0,2025-08-03,NJ_2025-08-03.tif
10.128460154177644,0.5,54.21034244719256,0.0,2025-08-04,NJ_2025-08-04.tif
11.93610181478828,0.5,208.3958074645087,0.0,2025-08-05,NJ_2025-08-05.tif
27.983141235124062,0.5,679.3249811675996,0.0,2025-08-06,NJ_2025-08-06.tif
3.298994457004087,68.8,516.2784975515809,0.0,2025-08-07,NJ_2025-08-07.tif
8.8002741190985,92.23604901637908,65.8457853794282,0.0,2025-08-08,NJ_2025-08-08.tif
12.615485523785054,131.18969703365568,50.86944621500201,0.0,2025-08-09,NJ_2025-08-09.tif
8.182992546352157,100.679179979596,64.87535041522425,0.0,2025-08-10,NJ_2025-08-10.tif
7.492942232244141,74.4,51.92737020146722,0.0,2025-08-11,NJ_2025-08-11.tif
8.214855255202119,55.275548532780576,100.43133717909302,0.0,2025-08-12,NJ_2025-08-12.tif
8.11025814723656,40.199809542997784,68.81941789861077,0.0,2025-08-13,NJ_2025-08-13.tif
10.344582247081846,28.330559240638184,265.46909098141447,6.762260948688855e-05,2025-08-14,NJ_2025-08-14.tif
8.89563334869469,19.108923864108707,56.93119595059901,0.0,2025-08-15,NJ_2025-08-15.tif
4.277554412706835,12.4,1235.4028109459146,2.535847855758321e-05,2025-08-16,NJ_2025-08-16.tif
8.22058363538987,7.5,138.75731707296876,1.690565237172214e-05,2025-08-17,NJ_2025-08-17.tif
8.911143875781,4.3,437.1210359518583,0.0,2025-08-18,NJ_2025-08-18.tif
13.220839527682338,1.994950609804831,440.6193242545554,0.0,2025-08-19,NJ_2025-08-19.tif
13.547177160025404,0.7538179741903459,1304.5010526420472,0.0,2025-08-20,NJ_2025-08-20.tif
1.9155825815068526,0.5,1619.873275959083,0.0,2025-08-21,NJ_2025-08-21.tif
7.553527193203618,0.5,69.9098482551957,0.0,2025-08-22,NJ_2025-08-22.tif
7.728067807043362,0.5,52.295256555705286,0.0,2025-08-23,NJ_2025-08-23.tif
11.846737524236007,0.5,235.05789201431594,0.0,2025-08-24,NJ_2025-08-24.tif
9.819648750820923,0.5,491.17496690552804,0.0,2025-08-25,NJ_2025-08-25.tif
8.988936478413155,0.5,55.54603132352188,0.0,2025-08-26,NJ_2025-08-26.tif
9.204363229297813,0.5,186.93652215924953,0.0,2025-08-27,NJ_2025-08-27.tif
8.359683499491503,0.5,61.09478120853848,0.0,2025-08-28,NJ_2025-08-28.tif
5.148423700675395,0.5,421.9310265294436,0.0,2025-08-29,NJ_2025-08-29.tif
9.808639518451729,0.5,75.23657766614166,0.0,2025-08-30,NJ_2025-08-30.tif
9.451202966179807,0.5,51.18699915554603,0.0,2025-08-31,NJ_2025-08-31.tif
4.639207638242573,0.5,251.00813861309024,0.0,2025-09-01,NJ_2025-09-01.tif
8.034017644677023,0.5,139.6026704964047,0.0,2025-09-02,NJ_2025-09-02.tif
7.853409096713567,0.5,185.1500365709036,0.0,2025-09-03,NJ_2025-09-03.tif
8.981668294546969,28.50850021176487,64.23153596967579,0.00037192435217788704,2025-09-04,NJ_2025-09-04.tif
6.952748724369496,3.759718428073024,593.1141788866638,0.0,2025-09-05,NJ_2025-09-05.tif
10.483771081101048,85.25931074662337,253.184720273606,0.00032120739506272066,2025-09-06,NJ_2025-09-06.tif
4.149904234068734,124.69782462019471,515.1390998071603,1.690565237172214e-05,2025-09-07,NJ_2025-09-07.tif
7.24329861062399,127.74119025085461,55.92935180911185,0.0,2025-09-08,NJ_2025-09-08.tif
7.638329698575525,87.80131535591082,52.55536334307611,8.45282618586107e-06,2025-09-09,NJ_2025-09-09.tif
7.12552773064654,64.00057464288443,613.7751633094305,5.9169783301027484e-05,2025-09-10,NJ_2025-09-10.tif
7.971883292335919,45.011383006669995,55.2765784948499,1.690565237172214e-05,2025-09-11,NJ_2025-09-11.tif
7.384609084531926,31.400000000000002,60.75085805301579,3.381130474344428e-05,2025-09-12,NJ_2025-09-12.tif
9.305002145443451,21.280677966377617,383.4463355755425,3.381130474344428e-05,2025-09-13,NJ_2025-09-13.tif
6.432602695664988,13.898407517358004,348.3992403063895,6.762260948688855e-05,2025-09-14,NJ_2025-09-14.tif
9.3015038400603,8.531822626549772,267.5304748748027,0.0003381130474344428,2025-09-15,NJ_2025-09-15.tif
4.8580615248618475,4.800470454467888,603.7951502324116,1.690565237172214e-05,2025-09-16,NJ_2025-09-16.tif
14.609348482053644,2.4000000000000004,592.9188733874367,8.45282618586107e-06,2025-09-17,NJ_2025-09-17.tif
5.08848164910203,0.5,356.1872550938639,0.0,2025-09-18,NJ_2025-09-18.tif
7.5323933325854915,0.5,52.03947947164853,0.0,2025-09-19,NJ_2025-09-19.tif
8.719248885598855,0.5,51.15302104836591,0.0,2025-09-20,NJ_2025-09-20.tif
12.872728473326063,0.5,292.088932946713,0.0,2025-09-21,NJ_2025-09-21.tif
8.687426554278233,0.5,87.96695760410446,0.0,2025-09-22,NJ_2025-09-22.tif
11.580433221959812,0.5,581.4828621269464,4.226413092930535e-05,2025-09-23,NJ_2025-09-23.tif
3.8173240971676394,0.5,351.25601346485473,5.9169783301027484e-05,2025-09-24,NJ_2025-09-24.tif
5.011420418201573,0.5,666.977244295792,6.762260948688855e-05,2025-09-25,NJ_2025-09-25.tif
9.162970698609149,0.5,374.68524052019666,0.0,2025-09-26,NJ_2025-09-26.tif
15.809008872072644,0.5,444.52912006908156,0.0,2025-09-27,NJ_2025-09-27.tif
3.9015664639152066,0.5,734.1658026165632,0.0,2025-09-28,NJ_2025-09-28.tif
4.2959044454870385,0.5,431.3012337645646,0.0,2025-09-29,NJ_2025-09-29.tif
,0.5,754.5913008485138,8.45282618586107e-06,2025-09-30,NJ_2025-09-30.tif
10.044398405657795,0.5,96.80103316739827,0.0,2025-10-01,NJ_2025-10-01.tif
10.164145700651005,0.5,156.11996927149028,0.0,2025-10-02,NJ_2025-10-02.tif
8.130054100395192,0.5,67.01867017155084,0.0,2025-10-03,NJ_2025-10-03.tif
7.632845710517719,57.2,53.4655693682837,4.226413092930535e-05,2025-10-04,NJ_2025-10-04.tif
7.361037497792914,78.60000000000001,57.380871652121385,0.0,2025-10-05,NJ_2025-10-05.tif
7.937113160698608,109.90983391876846,103.71710174136518,0.0,2025-10-06,NJ_2025-10-06.tif
,,,,2025-10-07,NJ_2025-10-07.tif
13.085661577141803,102.2,543.3258628470934,0.0,2025-10-08,NJ_2025-10-08.tif
7.733123365138618,72.9954468139041,52.13856727910978,0.0,2025-10-09,NJ_2025-10-09.tif
8.286575995114688,51.44842303907337,75.2867733324937,0.0,2025-10-10,NJ_2025-10-10.tif
7.599583985407096,35.69724207161522,1264.9631945716271,0.0,2025-10-11,NJ_2025-10-11.tif
,24.200000000000003,539.2013992576432,0.0,2025-10-12,NJ_2025-10-12.tif
4.634190154795728,15.57256218921582,191.50376155737487,0.0010819617517902169,2025-10-13,NJ_2025-10-13.tif
4.667924237492584,9.8,4341.018178051335,0.0005494337020809695,2025-10-14,NJ_2025-10-14.tif
10.140421910718432,5.9,572.2076302501802,0.0002704904379475542,2025-10-15,NJ_2025-10-15.tif
6.381732694668781,3.299992355986298,112.1445622223309,0.0001098867404161939,2025-10-16,NJ_2025-10-16.tif
9.223666811840117,0.5043202891861005,51.15965058336925,0.0,2025-10-17,NJ_2025-10-17.tif
9.270071418513032,0.5,52.17897490422201,0.0,2025-10-18,NJ_2025-10-18.tif
7.8498839358877746,0.5,67.31365882238859,0.0,2025-10-19,NJ_2025-10-19.tif
,,,,2025-10-20,NJ_2025-10-20.tif
4.522975143781867,0.5,62.11599605751786,0.0,2025-10-21,NJ_2025-10-21.tif
7.589984288492336,0.5,332.78110915996353,0.0,2025-10-22,NJ_2025-10-22.tif
10.538287118754134,0.5,51.17372291470015,0.0,2025-10-23,NJ_2025-10-23.tif
8.770023063346343,0.5,51.524802796393786,0.0,2025-10-24,NJ_2025-10-24.tif
8.086305332067296,0.5,59.185669376819476,2.535847855758321e-05,2025-10-25,NJ_2025-10-25.tif
,,,,2025-10-26,NJ_2025-10-26.tif
,,,,2025-10-28,NJ_2025-10-28.tif
,,,,2025-10-29,NJ_2025-10-29.tif
,,,,2025-10-30,NJ_2025-10-30.tif
,,,,2025-10-31,NJ_2025-10-31.tif
,,,,2025-11-01,NJ_2025-11-01.tif
,,,,2025-11-02,NJ_2025-11-02.tif
,,,,2025-11-03,NJ_2025-11-03.tif
