date,total_passed,peak_birds,peak_direction,peak_speed_mph,peak_altitude_ft
2021-03-01,12200,65400,ENE,0.0,1800.0
2021-03-02,12400,210000,SE,2.0,2900.0
2021-03-03,11900,69800,N,1.0,2100.0
2021-03-04,12700,44300,—,-,-
2021-03-05,12200,27300,—,-,-
2021-03-06,11900,25900,—,-,-
2021-03-07,12300,65000,E,4.0,1000.0
2021-03-08,19900,83100,NE,11.0,1000.0
2021-03-09,14100,78200,N,12.0,700.0
2021-03-10,86100,56200,NNE,18.0,800.0
2021-03-11,92600,118800,NE,14.0,900.0
2021-03-12,13400,78000,E,2.0,1200.0
2021-03-13,11900,49400,ESE,2.0,2700.0
2021-03-14,11400,25800,—,-,-
2021-03-15,12300,46800,—,-,-
2021-03-16,18700,63600,NNE,8.0,700.0
2021-03-17,28000,206000,ENE,3.0,2400.0
2021-03-18,11300,34400,—,-,-
2021-03-19,16700,46200,—,-,-
2021-03-20,48000,86100,N,11.0,700.0
2021-03-21,410200,205800,NNE,26.0,900.0
2021-03-22,367600,182600,NNE,30.0,1000.0
2021-03-23,386400,203700,NNE,32.0,1300.0
2021-03-24,65800,86200,NNE,17.0,700.0
2021-03-25,294500,192100,NNE,30.0,1400.0
2021-03-26,18900,65500,ENE,7.0,1300.0
2021-03-27,920300,508000,NNE,38.0,1600.0
2021-03-28,48400,90500,ENE,10.0,2100.0
2021-03-29,61600,91600,NNE,13.0,500.0
2021-03-30,1963400,548200,NNE,52.0,1600.0
2021-03-31,12800,57800,NNE,5.0,1900.0
2021-04-01,10600,28500,—,-,-
2021-04-02,10600,27600,—,-,-
2021-04-03,52800,86500,N,6.0,800.0
2021-04-04,10200,26900,—,-,-
2021-04-05,10000,27100,—,-,-
2021-04-06,74100,145200,NE,9.0,1000.0
2021-04-07,737900,646900,NE,19.0,1700.0
2021-04-08,4277800,2035900,NE,36.0,2200.0
2021-04-09,1112200,633000,NE,31.0,2100.0
2021-04-10,545100,436100,NE,22.0,1900.0
2021-04-11,65100,80900,N,14.0,1100.0
2021-04-12,56900,88500,N,9.0,1200.0
2021-04-13,153200,138300,NE,21.0,3500.0
2021-04-14,525100,620800,NNE,17.0,2100.0
2021-04-15,12200,30300,—,-,-
2021-04-16,9800,57400,SSE,1.0,1300.0
2021-04-17,55000,86700,NE,16.0,900.0
2021-04-18,474100,271000,NE,24.0,1200.0
2021-04-19,2717800,1314200,NNE,35.0,1300.0
2021-04-20,173600,261200,ENE,9.0,1900.0
2021-04-21,9900,69200,S,0.0,1600.0
2021-04-22,15300,32000,—,-,-
2021-04-23,254300,153300,NNE,29.0,700.0
2021-04-24,2217000,1478700,NNE,25.0,2900.0
2021-04-25,16100,62700,NNE,4.0,1900.0
2021-04-26,10100,33000,—,-,-
2021-04-27,810100,1225100,N,15.0,1600.0
2021-04-28,63800,203600,ENE,10.0,1800.0
2021-04-29,10700,66700,NNE,4.0,1200.0
2021-04-30,11100,127700,ENE,2.0,1600.0
2021-05-01,2257300,2969900,NE,10.0,1200.0
2021-05-02,580800,1285400,ENE,13.0,1000.0
2021-05-03,766300,705400,NNE,30.0,3000.0
2021-05-04,476600,886500,N,29.0,1400.0
2021-05-05,9300,46000,—,-,-
2021-05-06,1275400,1155500,NNE,19.0,1000.0
2021-05-07,6958100,4656900,NNE,31.0,2300.0
2021-05-08,361900,458000,ENE,18.0,1700.0
2021-05-09,508500,1003200,NNE,15.0,2200.0
2021-05-10,614500,673100,NE,26.0,800.0
2021-05-11,47900,326400,ENE,10.0,1000.0
2021-05-12,919600,749100,NNE,20.0,500.0
2021-05-13,2079600,1654100,NE,22.0,900.0
2021-05-14,4216100,2659200,NNE,27.0,1500.0
2021-05-15,5626900,3281900,NE,26.0,1900.0
2021-05-16,3882700,2779800,NNE,25.0,1200.0
2021-05-17,3673200,1989700,NE,26.0,1800.0
2021-05-18,717100,797200,ENE,20.0,500.0
2021-05-19,2729800,1902300,NNE,22.0,1100.0
2021-05-20,5584400,3259800,NNE,29.0,1900.0
2021-05-21,2685300,1988200,NE,26.0,2000.0
2021-05-22,938600,809700,ENE,20.0,800.0
2021-05-23,56900,164400,NNE,6.0,1100.0
2021-05-24,2288500,1104000,NE,40.0,1600.0
2021-05-25,2381100,1211400,NE,42.0,1200.0
2021-05-26,1167100,1248000,NE,28.0,1100.0
2021-05-27,17000,55600,ENE,15.0,3400.0
2021-05-28,31100,166900,NNW,7.0,800.0
2021-05-29,169800,326700,N,19.0,1100.0
2021-05-30,10100,54800,NNE,3.0,1800.0
2021-05-31,1025900,694400,NE,34.0,1000.0
2021-06-01,1707900,869200,NE,32.0,1900.0
2021-06-02,573800,535200,NNE,37.0,1900.0
2021-06-03,65900,129800,NNE,18.0,1800.0
2021-06-04,422800,259600,NNE,28.0,1000.0
2021-06-05,83400,195500,ENE,9.0,1000.0
2021-06-06,222800,205000,NE,23.0,1400.0
2021-06-07,105300,108200,ENE,7.0,900.0
2021-06-08,24900,51100,N,12.0,1800.0
2021-06-09,7800,27900,—,-,-
2021-06-10,32600,72300,NNW,11.0,900.0
2021-06-11,35500,73100,N,14.0,1000.0
2021-06-12,23400,53000,NE,10.0,1700.0
2021-06-13,67000,69700,N,22.0,1100.0
2021-06-14,15600,51700,NNE,10.0,1000.0
2021-06-15,-,-,-,-,-
2022-08-01,10500,32800,—,-,-
2022-08-02,424900,384600,SSW,24.0,1800.0
2022-08-03,11200,32900,—,-,-
2022-08-04,30500,71000,SSE,10.0,2400.0
2022-08-05,315800,391800,SW,14.0,1300.0
2022-08-06,9200,28000,—,-,-
2022-08-07,71200,140700,S,13.0,2000.0
2022-08-08,13100,55500,ESE,27.0,2600.0
2022-08-09,242800,297700,SSW,15.0,1500.0
2022-08-10,109500,161400,SSW,10.0,3700.0
2022-08-11,504500,360400,SSW,27.0,1900.0
2022-08-12,414200,280300,SSW,24.0,2300.0
2022-08-13,284600,316100,SW,15.0,1800.0
2022-08-14,191800,229900,SW,15.0,2000.0
2022-08-15,419900,463400,SW,19.0,1500.0
2022-08-16,668000,696300,SW,21.0,1900.0
2022-08-17,58700,197300,S,16.0,1300.0
2022-08-18,106500,183300,SSE,16.0,1600.0
2022-08-19,151600,301200,SSW,8.0,1300.0
2022-08-20,66900,246200,W,14.0,1100.0
2022-08-21,10400,75200,SW,6.0,3100.0
2022-08-22,89900,294400,SW,10.0,1000.0
2022-08-23,629300,907700,SSW,12.0,1500.0
2022-08-24,1171300,1301100,S,19.0,2600.0
2022-08-25,2197300,2302400,SW,18.0,1400.0
2022-08-26,136300,167600,SSE,9.0,1100.0
2022-08-27,2014100,2070800,SW,18.0,1500.0
2022-08-28,10800,35700,—,-,-
2022-08-29,10100,25800,—,-,-
2022-08-30,10800,67800,SE,16.0,1900.0
2022-08-31,373200,1034100,E,29.0,700.0
2022-09-01,2661600,2013900,S,25.0,1600.0
2022-09-02,172300,186100,WSW,15.0,2300.0
2022-09-03,33600,89000,S,6.0,1200.0
2022-09-04,3312200,4011600,SSW,19.0,1100.0
2022-09-05,51800,168800,SSW,12.0,1100.0
2022-09-06,2740700,3096800,SW,16.0,1500.0
2022-09-07,4513900,4876400,SW,21.0,2300.0
2022-09-08,1423400,1446400,SW,18.0,2200.0
2022-09-09,332200,317800,SSE,13.0,2200.0
2022-09-10,296900,333900,SSW,9.0,2800.0
2022-09-11,726300,867700,WSW,18.0,2000.0
2022-09-12,3807100,5023700,WSW,16.0,1700.0
2022-09-13,120300,257200,SE,19.0,1300.0
2022-09-14,4960300,3927300,S,27.0,1300.0
2022-09-15,1151200,1314800,S,19.0,1500.0
2022-09-16,3130200,2489300,SW,25.0,1300.0
2022-09-17,12400,30300,—,-,-
2022-09-18,48700,201600,S,14.0,1400.0
2022-09-19,18800,103100,ESE,14.0,800.0
2022-09-20,1045100,1541200,SSW,19.0,1000.0
2022-09-21,26100,108500,ESE,12.0,1100.0
2022-09-22,4990500,4167200,S,36.0,1100.0
2022-09-23,3702800,1947900,S,36.0,1600.0
2022-09-24,1131500,1369600,S,16.0,1400.0
2022-09-25,12700,62200,SE,15.0,2200.0
2022-09-26,11800,31700,—,-,-
2022-09-27,89600,269000,S,9.0,1000.0
2022-09-28,12203500,8167900,S,26.0,1900.0
2022-09-29,9238600,5579700,SW,24.0,2800.0
2022-09-30,948100,841000,SW,19.0,3000.0
2022-10-01,12818600,5565300,SW,42.0,2400.0
2022-10-02,4318700,2627900,SW,32.0,2300.0
2022-10-03,1058900,828100,SW,23.0,2400.0
2022-10-04,835000,835100,SW,21.0,2100.0
2022-10-05,771600,864100,SSW,22.0,2800.0
2022-10-06,105000,267400,SSW,9.0,3000.0
2022-10-07,2087900,1802400,SSE,26.0,1300.0
2022-10-08,163800,262800,SSE,15.0,1400.0
2022-10-09,1514200,1442900,SSW,20.0,1700.0
2022-10-10,2557300,2467000,SSW,22.0,1500.0
2022-10-11,35300,41000,—,-,-
2022-10-12,12700,26300,—,-,-
2022-10-13,12300,38500,—,-,-
2022-10-14,4855000,3181000,SSW,22.0,2200.0
2022-10-15,317700,290800,S,12.0,1600.0
2022-10-16,2954500,3407000,SW,15.0,1600.0
2022-10-17,16100,46300,—,-,-
2022-10-18,1855700,1449300,S,19.0,2000.0
2022-10-19,19700,43300,—,-,-
2022-10-20,29300,61900,SE,6.0,3200.0
2022-10-21,30000,77700,SE,5.0,3600.0
2022-10-22,675900,564700,SW,15.0,3100.0
2022-10-23,2799400,3397900,SW,18.0,2500.0
2022-10-24,280600,664900,SW,9.0,1300.0
2022-10-25,18900,64200,SW,8.0,1400.0
2022-10-26,278200,400000,SSE,31.0,1000.0
2022-10-27,9837000,4876400,S,38.0,2500.0
2022-10-28,86400,97400,SW,13.0,2500.0
2022-10-29,17700,38600,—,-,-
2022-10-30,12600,25800,—,-,-
2022-10-31,13600,53700,ESE,8.0,3400.0
2022-11-01,321300,145600,S,33.0,3200.0
2022-11-02,849600,614600,SSW,24.0,3200.0
2022-11-03,12800,25900,—,-,-
2022-11-04,12800,25300,—,-,-
2022-11-05,12900,31500,—,-,-
2022-11-06,13400,47600,—,-,-
2022-11-07,590300,250100,S,34.0,1400.0
2022-11-08,329500,194400,SSW,36.0,1900.0
2022-11-09,13000,25200,—,-,-
2022-11-10,13200,25300,—,-,-
2022-11-11,13000,96700,SE,11.0,3000.0
2022-11-12,33500,87500,SW,11.0,1700.0
2022-11-13,94000,108800,SE,20.0,2300.0
2022-11-14,48000,40500,—,-,-
2022-11-15,-,-,-,-,-
2023-03-01,17700,37800,—,-,-
2023-03-02,12000,39700,—,-,-
2023-03-03,12500,75800,N,8.0,1000.0
2023-03-04,11900,46200,—,-,-
2023-03-05,12100,25500,—,-,-
2023-03-06,11600,66700,SE,8.0,3300.0
2023-03-07,11700,40400,—,-,-
2023-03-08,11800,25400,—,-,-
2023-03-09,12000,45500,—,-,-
2023-03-10,11900,64600,NW,3.0,2400.0
2023-03-11,11900,27100,—,-,-
2023-03-12,12100,28100,—,-,-
2023-03-13,11500,63100,NNE,6.0,1700.0
2023-03-14,11400,28600,—,-,-
2023-03-15,11300,25200,—,-,-
2023-03-16,36600,51700,NE,17.0,1500.0
2023-03-17,21200,43700,—,-,-
2023-03-18,17500,37600,—,-,-
2023-03-19,13100,32200,—,-,-
2023-03-20,32000,41600,—,-,-
2023-03-21,27800,41600,—,-,-
2023-03-22,75900,71100,N,20.0,1700.0
2023-03-23,15100,56300,E,26.0,3800.0
2023-03-24,22300,50000,N,10.0,1100.0
2023-03-25,16900,213000,NW,15.0,1100.0
2023-03-26,74400,67500,NNE,10.0,900.0
2023-03-27,15300,98300,NE,15.0,2500.0
2023-03-28,38800,47000,—,-,-
2023-03-29,47400,209000,NE,27.0,2300.0
2023-03-30,15000,34300,—,-,-
2023-03-31,25300,58800,NNE,22.0,1600.0
2023-04-01,14800,42900,—,-,-
2023-04-02,100100,73600,N,23.0,1300.0
2023-04-03,721600,575600,NE,28.0,1600.0
2023-04-04,79600,113200,N,12.0,2100.0
2023-04-05,144600,206600,NE,34.0,1500.0
2023-04-06,720500,603500,NE,26.0,800.0
2023-04-07,11400,29300,—,-,-
2023-04-08,297000,303900,NNE,22.0,1000.0
2023-04-09,2382200,1677200,NE,23.0,1100.0
2023-04-10,3500800,1825200,NNE,28.0,800.0
2023-04-11,48700,76600,ENE,23.0,1600.0
2023-04-12,1426700,888800,NNE,28.0,1200.0
2023-04-13,2010800,1263000,ENE,26.0,1300.0
2023-04-14,3010800,1773300,NNE,27.0,4200.0
2023-04-15,1115900,659000,NNE,32.0,2900.0
2023-04-16,262800,225200,NNE,30.0,3000.0
2023-04-17,21800,75200,NE,15.0,2100.0
2023-04-18,27600,48800,ENE,15.0,1400.0
2023-04-19,9500,60300,E,9.0,1100.0
2023-04-20,325900,338200,NNE,21.0,1800.0
2023-04-21,4816800,2384300,NNE,38.0,4500.0
2023-04-22,58500,80600,N,31.0,1700.0
2023-04-23,11900,103700,ENE,9.0,2200.0
2023-04-24,40000,82100,NE,14.0,1900.0
2023-04-25,78700,86300,NE,16.0,2000.0
2023-04-26,133600,280200,NNE,17.0,1600.0
2023-04-27,1242300,898100,NNE,26.0,2800.0
2023-04-28,1327000,1099900,NNE,31.0,3100.0
2023-04-29,17300,63000,NNW,20.0,2000.0
2023-04-30,9700,45700,—,-,-
2023-05-01,707100,485500,NNE,35.0,2000.0
2023-05-02,22400,115200,NNE,10.0,1800.0
2023-05-03,9600,49800,WNW,13.0,2000.0
2023-05-04,26900,119600,NNW,11.0,2000.0
2023-05-05,677200,981800,NE,19.0,1600.0
2023-05-06,735600,600100,NE,21.0,1000.0
2023-05-07,866100,1724400,NE,19.0,1100.0
2023-05-08,326100,518400,NE,12.0,500.0
2023-05-09,2820400,2151500,NNE,16.0,1000.0
2023-05-10,3565100,2057500,NNE,32.0,900.0
2023-05-11,5340300,3813100,NNE,32.0,1000.0
2023-05-12,2874400,3213600,NE,24.0,600.0
2023-05-13,69100,311900,NNE,8.0,1000.0
2023-05-14,667600,811000,NE,17.0,600.0
2023-05-15,2443900,1598500,NE,28.0,1000.0
2023-05-16,60800,134100,ENE,21.0,2100.0
2023-05-17,209600,265900,NNE,17.0,700.0
2023-05-18,10755200,5484900,NNE,41.0,2000.0
2023-05-19,3736800,2061300,NNE,42.0,2200.0
2023-05-20,224800,596600,NNE,31.0,2000.0
2023-05-21,174800,462600,ENE,19.0,1000.0
2023-05-22,3288500,1776300,NNE,27.0,2800.0
2023-05-23,4655900,2301200,NE,38.0,2500.0
2023-05-24,11400,53100,ENE,10.0,700.0
2023-05-25,162200,237200,ENE,19.0,1200.0
2023-05-26,774500,670200,NE,24.0,1700.0
2023-05-27,1172000,793000,NNE,28.0,1900.0
2023-05-28,94900,287200,ENE,23.0,1500.0
2023-05-29,942100,700100,NNE,28.0,3400.0
2023-05-30,379900,269000,NE,33.0,2000.0
2023-05-31,380100,300300,ENE,25.0,1400.0
2023-06-01,87400,146800,ENE,13.0,1900.0
2023-06-02,10300,57900,NE,4.0,1300.0
2023-06-03,45300,147800,NNE,7.0,500.0
2023-06-04,21500,84400,NNE,6.0,1300.0
2023-06-05,195300,219400,NE,14.0,1600.0
2023-06-06,8700,70500,NNW,5.0,1900.0
2023-06-07,27600,165000,ENE,16.0,1600.0
2023-06-08,162900,291400,NE,15.0,1600.0
2023-06-09,238900,338900,NE,21.0,1000.0
2023-06-10,241300,180800,NE,23.0,1200.0
2023-06-11,58800,232500,NE,21.0,1200.0
2023-06-12,54600,105900,N,26.0,2000.0
2023-06-13,31300,69100,NE,13.0,2600.0
2023-06-14,11600,71600,NE,19.0,1800.0
2023-06-15,-,-,-,-,-
2023-08-01,117500,159200,SSW,15.0,1700.0
2023-08-02,10600,28700,—,-,-
2023-08-03,9100,65100,ESE,12.0,1600.0
2023-08-04,94600,114700,S,15.0,3400.0
2023-08-05,224600,244500,S,19.0,2200.0
2023-08-06,86100,136600,WSW,13.0,2400.0
2023-08-07,9000,58500,SE,12.0,3600.0
2023-08-08,158500,159000,SSE,20.0,2600.0
2023-08-09,197700,353000,SE,16.0,2200.0
2023-08-10,44500,123900,SE,20.0,1200.0
2023-08-11,228000,259900,SSE,18.0,1500.0
2023-08-12,9300,52900,ESE,11.0,3000.0
2023-08-13,202000,308700,SSE,16.0,1500.0
2023-08-14,482100,698300,SW,17.0,1300.0
2023-08-15,75100,218100,WSW,7.0,2500.0
2023-08-16,40500,103800,SSW,7.0,3800.0
2023-08-17,10400,36300,—,-,-
2023-08-18,63300,159600,SE,10.0,1800.0
2023-08-19,126400,138200,SE,23.0,1700.0
2023-08-20,120800,153100,SE,13.0,2000.0
2023-08-21,3337000,2479900,SSW,24.0,1400.0
2023-08-22,828600,874900,SSW,22.0,1500.0
2023-08-23,14600,33800,—,-,-
2023-08-24,9800,46500,—,-,-
2023-08-25,64400,101900,SSE,11.0,2500.0
2023-08-26,1174500,1501700,SSW,21.0,1800.0
2023-08-27,2013700,2076400,SSW,22.0,2000.0
2023-08-28,9600,40700,—,-,-
2023-08-29,19900,91200,WSW,9.0,1500.0
2023-08-30,2060800,1225000,SSE,31.0,1300.0
2023-08-31,1790200,1737500,SSW,27.0,2100.0
2023-09-01,35400,76100,SW,5.0,2600.0
2023-09-02,18800,36800,—,-,-
2023-09-03,633800,726200,S,12.0,1700.0
2023-09-04,2479400,1668100,SW,22.0,2700.0
2023-09-05,2838000,2013000,SW,20.0,2600.0
2023-09-06,355500,624100,SW,9.0,1700.0
2023-09-07,15500,137900,S,5.0,2200.0
2023-09-08,308100,533800,SSW,12.0,1400.0
2023-09-09,3778100,4480400,SW,20.0,1400.0
2023-09-10,92500,306200,SSW,9.0,1500.0
2023-09-11,1550700,3498500,SW,17.0,1600.0
2023-09-12,190200,483500,SW,6.0,2000.0
2023-09-13,801100,1349900,SSE,17.0,1300.0
2023-09-14,5436800,3587500,SSW,26.0,1200.0
2023-09-15,6059200,3200200,SW,41.0,1500.0
2023-09-16,731400,602000,SSE,23.0,1500.0
2023-09-17,375800,476700,SW,14.0,1700.0
2023-09-18,132300,248500,SSE,23.0,1800.0
2023-09-19,1211000,1070100,SSE,21.0,1200.0
2023-09-20,5110900,3517200,SSW,24.0,1800.0
2023-09-21,6713900,4244900,SW,26.0,2300.0
2023-09-22,93300,151200,WSW,17.0,2300.0
2023-09-23,2294800,1979200,SW,20.0,1800.0
2023-09-24,3244100,2844300,SW,26.0,2100.0
2023-09-25,4162600,3021500,WSW,28.0,1600.0
2023-09-26,3969400,2146400,SSW,25.0,2500.0
2023-09-27,1281100,1184000,SW,20.0,2300.0
2023-09-28,132400,271400,WSW,13.0,2400.0
2023-09-29,203800,255700,SW,16.0,2200.0
2023-09-30,6448200,3383700,SSW,30.0,2800.0
2023-10-01,7551100,3442900,SSW,35.0,2400.0
2023-10-02,167000,180000,S,14.0,3500.0
2023-10-03,290100,195900,S,15.0,2600.0
2023-10-04,19100,56300,WSW,7.0,5900.0
2023-10-05,11700,25800,—,-,-
2023-10-06,11500,37600,—,-,-
2023-10-07,32800,50000,SE,25.0,1200.0
2023-10-08,23200,70100,SSE,8.0,1100.0
2023-10-09,105400,229800,SSW,6.0,900.0
2023-10-10,514100,1008900,SSW,9.0,800.0
2023-10-11,789600,1037200,S,12.0,1100.0
2023-10-12,12155400,8610300,S,29.0,1900.0
2023-10-13,8445100,5103100,S,32.0,2700.0
2023-10-14,2707700,2001000,SSW,30.0,2500.0
2023-10-15,269800,500000,SSW,33.0,2400.0
2023-10-16,2809100,1772400,SSW,27.0,2100.0
2023-10-17,198600,255400,SSW,11.0,2700.0
2023-10-18,29800,74300,S,5.0,2700.0
2023-10-19,12600,26600,—,-,-
2023-10-20,13000,44500,—,-,-
2023-10-21,33700,84500,ESE,22.0,1900.0
2023-10-22,187700,306000,S,27.0,1600.0
2023-10-23,5734500,4463400,SSW,21.0,3200.0
2023-10-24,16600,39500,—,-,-
2023-10-25,29300,51800,SE,7.0,2000.0
2023-10-26,102400,195600,SW,10.0,2100.0
2023-10-27,35700,40700,—,-,-
2023-10-28,4999100,2857500,SSW,32.0,1800.0
2023-10-29,18400,140700,SW,13.0,1500.0
2023-10-30,145300,118500,S,24.0,1500.0
2023-10-31,522200,441900,SSW,22.0,2300.0
2023-11-01,159100,131600,S,22.0,2100.0
2023-11-02,1000,10800,—,-,-
2023-11-03,900,49000,ESE,7.0,3700.0
2023-11-04,92800,125100,SSE,10.0,800.0
2023-11-05,1100700,629000,SSW,30.0,1800.0
2023-11-06,700,58700,WSW,8.0,2100.0
2023-11-07,86000,65800,SE,19.0,1300.0
2023-11-08,111800,106800,SSW,28.0,2500.0
2023-11-09,8900,24400,—,-,-
2023-11-10,48500,162400,SE,18.0,2200.0
2023-11-11,148100,118100,S,23.0,2300.0
2023-11-12,82100,58900,SSW,22.0,1800.0
2023-11-13,5900,41400,—,-,-
2023-11-14,35000,42300,—,-,-
2023-11-15,-,-,-,-,-
2024-03-01,16300,31100,—,-,-
2024-03-02,900,50100,NNE,13.0,2800.0
2024-03-03,3300,18200,—,-,-
2024-03-04,22000,39300,—,-,-
2024-03-05,4800,30100,—,-,-
2024-03-06,100,77800,NNE,4.0,2000.0
2024-03-07,300,11700,—,-,-
2024-03-08,96100,68000,NNE,30.0,1700.0
2024-03-09,3100,21900,—,-,-
2024-03-10,400,304700,NE,13.0,3600.0
2024-03-11,400,3100,—,-,-
2024-03-12,4700,30200,—,-,-
2024-03-13,94200,93700,NNE,19.0,1400.0
2024-03-14,19000,244000,NE,5.0,2000.0
2024-03-15,15200,65500,NNE,14.0,2200.0
2024-03-16,150600,1255900,NNE,27.0,5000.0
2024-03-17,29500,36700,—,-,-
2024-03-18,2500,47300,—,-,-
2024-03-19,11200,63900,NW,5.0,3700.0
2024-03-20,800,16400,—,-,-
2024-03-21,400,3000,—,-,-
2024-03-22,300,8400,—,-,-
2024-03-23,100,14000,—,-,-
2024-03-24,1500,12800,—,-,-
2024-03-25,17600,25500,—,-,-
2024-03-26,10100,15800,—,-,-
2024-03-27,13400,28400,—,-,-
2024-03-28,600,5600,—,-,-
2024-03-29,2900,8100,—,-,-
2024-03-30,35100,53700,NE,14.0,1300.0
2024-03-31,541800,426700,NNE,25.0,1400.0
2024-04-01,54700,119300,NE,12.0,2000.0
2024-04-02,153400,166700,N,26.0,2000.0
2024-04-03,1800,24500,—,-,-
2024-04-04,1200,213500,N,12.0,1600.0
2024-04-05,200,52800,N,16.0,4200.0
2024-04-06,300,105300,N,12.0,3700.0
2024-04-07,162800,143900,NNE,23.0,1000.0
2024-04-08,2448400,1673700,NE,23.0,900.0
2024-04-09,7531600,3884500,NNE,36.0,2500.0
2024-04-10,167400,115900,NNE,24.0,1800.0
2024-04-11,35100,44000,—,-,-
2024-04-12,575000,471100,NNE,44.0,1500.0
2024-04-13,7300,92800,ENE,17.0,2000.0
2024-04-14,302500,314500,NE,21.0,1300.0
2024-04-15,482500,414200,NE,24.0,1300.0
2024-04-16,84400,143800,NE,16.0,2600.0
2024-04-17,777800,830100,NNE,27.0,3500.0
2024-04-18,44300,291400,NNE,18.0,3200.0
2024-04-19,962300,911200,NNE,39.0,1100.0
2024-04-20,91200,88900,NE,24.0,1400.0
2024-04-21,44000,89200,NE,17.0,1500.0
2024-04-22,1540300,775100,NNE,32.0,1600.0
2024-04-23,3892600,2957400,NNE,39.0,2100.0
2024-04-24,500,1700,—,-,-
2024-04-25,179300,205700,NE,17.0,1500.0
2024-04-26,2903900,1741600,NNE,25.0,2800.0
2024-04-27,900000,1298900,NE,31.0,2300.0
2024-04-28,10500,58500,ENE,20.0,1600.0
2024-04-29,2689500,2256100,NNE,30.0,3100.0
2024-04-30,2800,52600,ENE,9.0,1600.0
2024-05-01,7336000,5866900,NNE,35.0,1800.0
2024-05-02,61000,167200,NNE,6.0,1800.0
2024-05-03,6262600,4277100,NNE,25.0,2600.0
2024-05-04,1131200,914400,N,30.0,1900.0
2024-05-05,15000,38400,—,-,-
2024-05-06,287900,305800,ENE,21.0,1100.0
2024-05-07,5285900,4044400,NNE,27.0,2300.0
2024-05-08,19200,71900,ENE,26.0,900.0
2024-05-09,486300,811800,N,14.0,1400.0
2024-05-10,2341200,1821300,NNE,21.0,2000.0
2024-05-11,1436300,962500,NNE,29.0,2200.0
2024-05-12,2139000,1489000,NE,25.0,800.0
2024-05-13,1815000,3449100,NNE,39.0,1700.0
2024-05-14,4205100,5042700,NE,28.0,2600.0
2024-05-15,426600,819100,N,23.0,1700.0
2024-05-16,436600,537200,N,19.0,2600.0
2024-05-17,745000,660000,NE,23.0,1600.0
2024-05-18,515300,490600,NE,24.0,2800.0
2024-05-19,1920100,1058100,NE,32.0,1700.0
2024-05-20,3993900,1914300,NE,33.0,2400.0
2024-05-21,2796600,1601600,NE,37.0,1900.0
2024-05-22,2479200,1603100,NE,37.0,1600.0
2024-05-23,673600,580500,NE,29.0,1700.0
2024-05-24,97700,139100,NE,18.0,1200.0
2024-05-25,848200,752700,NNE,18.0,1900.0
2024-05-26,716200,762800,N,27.0,4000.0
2024-05-27,134100,163600,NE,32.0,2600.0
2024-05-28,78100,236900,ENE,23.0,1300.0
2024-05-29,48300,96800,NE,12.0,2700.0
2024-05-30,56300,73400,NE,16.0,1400.0
2024-05-31,167600,178200,NNE,21.0,1500.0
2024-06-01,535200,379400,NNE,24.0,2200.0
2024-06-02,153000,213200,NE,19.0,3300.0
2024-06-03,107800,177600,N,12.0,3100.0
2024-06-04,165300,202500,NNE,17.0,2100.0
2024-06-05,122400,147600,NNE,23.0,1800.0
2024-06-06,19200,70100,NE,14.0,1100.0
2024-06-07,18700,90300,NE,18.0,1400.0
2024-06-08,33200,37000,—,-,-
2024-06-09,21000,46000,—,-,-
2024-06-10,800,3200,—,-,-
2024-06-11,3500,14100,—,-,-
2024-06-12,20700,27900,—,-,-
2024-06-13,65200,71200,NNE,31.0,1300.0
2024-06-14,200,9100,—,-,-
2024-06-15,-,-,-,-,-
2024-08-01,230300,257600,S,13.0,2300.0
2024-08-02,3900,106800,SE,10.0,1000.0
2024-08-03,40000,92500,S,7.0,3100.0
2024-08-04,145200,169700,SSE,17.0,1900.0
2024-08-05,111600,178300,SSW,18.0,2100.0
2024-08-06,86700,196300,SW,11.0,1900.0
2024-08-07,271300,311100,SW,21.0,2400.0
2024-08-08,500,31800,—,-,-
2024-08-09,9800,31100,—,-,-
2024-08-10,153500,244600,SE,14.0,1300.0
2024-08-11,11400,31900,—,-,-
2024-08-12,666700,504700,S,24.0,2500.0
2024-08-13,685600,574300,SSW,23.0,2800.0
2024-08-14,112000,264900,SW,12.0,1700.0
2024-08-15,392700,640500,SW,15.0,1800.0
2024-08-16,11600,32500,—,-,-
2024-08-17,400,68300,SSE,6.0,1700.0
2024-08-18,700,41000,—,-,-
2024-08-19,285300,323000,S,26.0,1800.0
2024-08-20,437700,1193700,S,26.0,1500.0
2024-08-21,57100,116500,SE,13.0,3700.0
2024-08-22,789700,892100,S,17.0,1800.0
2024-08-23,695400,1081700,S,13.0,1400.0
2024-08-24,704100,824000,SW,15.0,2000.0
2024-08-25,923600,1072500,SW,14.0,1800.0
2024-08-26,2398800,2359700,SW,21.0,2300.0
2024-08-27,8400,23200,—,-,-
2024-08-28,5251600,3174100,SW,30.0,1600.0
2024-08-29,1239600,1516200,WSW,20.0,1600.0
2024-08-30,2300,16800,—,-,-
2024-08-31,9500,18100,—,-,-
2024-09-01,2258100,1529400,SSW,24.0,1300.0
2024-09-02,1242500,1532100,S,26.0,1600.0
2024-09-03,270700,553000,S,9.0,1300.0
2024-09-04,48200,144400,WSW,14.0,1500.0
2024-09-05,14600,160000,W,10.0,1000.0
2024-09-06,402600,510700,WSW,18.0,800.0
2024-09-07,141600,290000,SE,16.0,900.0
2024-09-08,323500,451000,SSE,16.0,1000.0
2024-09-09,2806100,2405800,S,21.0,1700.0
2024-09-10,3455700,3398100,S,23.0,2100.0
2024-09-11,368200,488100,WSW,10.0,1500.0
2024-09-12,777200,941900,WSW,13.0,1500.0
2024-09-13,7303100,3793800,SW,26.0,3000.0
2024-09-14,4006600,3338400,SW,20.0,2500.0
2024-09-15,291800,687300,SW,12.0,2600.0
2024-09-16,96700,155100,S,7.0,2900.0
2024-09-17,1108500,1178500,SW,11.0,2100.0
2024-09-18,3657300,2370700,SW,23.0,2200.0
2024-09-19,6108300,3501400,SW,23.0,1600.0
2024-09-20,617100,1792800,SW,18.0,1400.0
2024-09-21,1411900,1483000,SW,17.0,2000.0
2024-09-22,128600,318800,SW,10.0,1200.0
2024-09-23,138300,272900,SW,13.0,1000.0
2024-09-24,306100,670600,WSW,15.0,1200.0
2024-09-25,500,16800,—,-,-
2024-09-26,1675800,1943300,SSE,23.0,2600.0
2024-09-27,9353900,5862000,SSW,22.0,2100.0
2024-09-28,1715300,1730900,SW,15.0,2500.0
2024-09-29,4641500,2527400,SSW,26.0,3000.0
2024-09-30,4210300,4434000,SW,19.0,1900.0
2024-10-01,26300,84900,SW,12.0,1400.0
2024-10-02,144400,198900,SSE,14.0,1800.0
2024-10-03,636300,682300,S,16.0,3000.0
2024-10-04,374700,886500,S,17.0,1600.0
2024-10-05,11110600,7752100,SSW,28.0,2100.0
2024-10-06,6700,32100,—,-,-
2024-10-07,1236600,817100,S,25.0,1400.0
2024-10-08,90900,305400,S,12.0,2300.0
2024-10-09,893200,865500,S,26.0,1500.0
2024-10-10,1130000,742200,S,30.0,1400.0
2024-10-11,46300,65500,SE,29.0,1000.0
2024-10-12,7264500,4892200,S,26.0,1900.0
2024-10-13,29800,660700,SW,22.0,1200.0
2024-10-14,922100,1280500,SSE,28.0,2100.0
2024-10-15,28400,177500,SE,20.0,1300.0
2024-10-16,4026800,2135200,SSW,29.0,2800.0
2024-10-17,2483000,1280600,SSW,32.0,2700.0
2024-10-18,1198200,1014300,SSW,22.0,3800.0
2024-10-19,61000,70900,SE,13.0,2700.0
2024-10-20,25600,26300,—,-,-
2024-10-21,1829700,1329200,SSW,24.0,2900.0
2024-10-22,31900,105100,SW,9.0,3800.0
2024-10-23,617500,843700,S,29.0,1800.0
2024-10-24,4132900,2507600,SSW,32.0,2800.0
2024-10-25,17500,45600,—,-,-
2024-10-26,308200,185000,SSE,31.0,1400.0
2024-10-27,33600,120400,ESE,9.0,2700.0
2024-10-28,188300,248600,WSW,18.0,1500.0
2024-10-29,1200,81400,SE,28.0,4100.0
2024-10-30,4000,17800,—,-,-
2024-10-31,400,23700,—,-,-
2024-11-01,740100,661400,S,27.0,1400.0
2024-11-02,460500,277700,S,26.0,2200.0
2024-11-03,434300,366800,SW,28.0,4100.0
2024-11-04,400,14500,—,-,-
2024-11-05,400,7400,—,-,-
2024-11-06,124500,91900,SSE,18.0,1500.0
2024-11-07,181200,139600,SSE,24.0,2100.0
2024-11-08,194300,93800,S,38.0,1500.0
2024-11-09,253100,207300,SSW,28.0,3800.0
2024-11-10,300,25000,—,-,-
2024-11-11,5700,197500,SSE,24.0,1600.0
2024-11-12,322300,185200,SSW,43.0,2000.0
2024-11-13,48900,39100,—,-,-
2024-11-14,18200,74700,S,6.0,700.0
2024-11-15,-,-,-,-,-
2025-03-01,1000,18400,—,-,-
2025-03-02,1100,20600,—,-,-
2025-03-03,4500,22900,—,-,-
2025-03-04,18300,26600,—,-,-
2025-03-05,3800,24800,—,-,-
2025-03-06,800,58000,NE,15.0,2500.0
2025-03-07,1400,55300,ENE,8.0,2500.0
2025-03-08,3300,36800,—,-,-
2025-03-09,16300,182500,NE,5.0,2300.0
2025-03-10,41300,65800,N,24.0,700.0
2025-03-11,3900,13200,—,-,-
2025-03-12,2600,19600,—,-,-
2025-03-13,37900,44500,—,-,-
2025-03-14,173900,82000,NNE,42.0,1500.0
2025-03-15,49800,30900,—,-,-
2025-03-16,8600,26900,—,-,-
2025-03-17,300,8600,—,-,-
2025-03-18,182400,99700,NNE,25.0,1500.0
2025-03-19,354900,138500,NNE,44.0,2000.0
2025-03-20,8500,72900,N,7.0,1500.0
2025-03-21,17700,31400,—,-,-
2025-03-22,8800,74700,NE,28.0,2200.0
2025-03-23,4100,11100,—,-,-
2025-03-24,6900,27300,—,-,-
2025-03-25,8700,29900,—,-,-
2025-03-26,2600,28600,—,-,-
2025-03-27,30700,36400,—,-,-
2025-03-28,7900,213400,NE,12.0,1300.0
2025-03-29,300,7500,—,-,-
2025-03-30,29900,47200,—,-,-
2025-03-31,24000,63200,NE,28.0,1700.0
2025-04-01,5700,11900,—,-,-
2025-04-02,11400,123600,N,17.0,2200.0
2025-04-03,357600,247900,ENE,25.0,1100.0
2025-04-04,204900,285700,NNE,15.0,1700.0
2025-04-05,12900,69600,NNE,24.0,2200.0
2025-04-06,7100,20300,—,-,-
2025-04-07,89500,80700,NNE,24.0,1700.0
2025-04-08,400,22300,—,-,-
2025-04-09,111100,102300,NE,19.0,1600.0
2025-04-10,47800,134800,N,24.0,2100.0
2025-04-11,45800,87000,N,20.0,1800.0
2025-04-12,600,13400,—,-,-
2025-04-13,49400,85300,NNE,13.0,1200.0
2025-04-14,5288600,3981600,NNE,38.0,1900.0
2025-04-15,70400,156700,NE,30.0,1400.0
2025-04-16,2700,10400,—,-,-
2025-04-17,333500,311400,NNE,21.0,1000.0
2025-04-18,3764500,3231100,NE,45.0,1500.0
2025-04-19,138500,197400,ENE,24.0,1300.0
2025-04-20,64400,156900,N,6.0,1400.0
2025-04-21,590500,817400,N,44.0,1700.0
2025-04-22,216600,285100,ENE,20.0,1600.0
2025-04-23,700200,907800,NNE,14.0,1200.0
2025-04-24,2087900,4382400,NNE,22.0,2000.0
2025-04-25,1503800,1397000,NNE,38.0,3000.0
2025-04-26,34300,180500,NNE,20.0,1400.0
2025-04-27,29700,68300,NNE,15.0,1200.0
2025-04-28,6396900,3117000,NNE,31.0,2200.0
2025-04-29,844300,925600,NNE,49.0,1700.0
2025-04-30,58300,122700,NNE,9.0,1300.0
2025-05-01,183200,934800,NNE,39.0,2300.0
2025-05-02,2954300,1764100,NE,22.0,1400.0
2025-05-03,61300,394400,NNE,15.0,1500.0
2025-05-04,50100,164700,NNW,12.0,1500.0
2025-05-05,111600,289200,NNW,29.0,1600.0
2025-05-06,2338800,1332100,NNE,40.0,2300.0
2025-05-07,145900,915500,ENE,23.0,1200.0
2025-05-08,24100,123800,NNE,8.0,1500.0
2025-05-09,500,37300,—,-,-
2025-05-10,1619700,1471400,NE,32.0,1000.0
2025-05-11,3786000,2858900,NNE,22.0,1700.0
2025-05-12,5000200,4914900,NE,20.0,2100.0
2025-05-13,4231600,3791200,NNE,41.0,2200.0
2025-05-14,178500,183300,NNE,28.0,1900.0
2025-05-15,2419900,2116300,NE,30.0,2000.0
2025-05-16,7789200,3892700,NE,29.0,2300.0
2025-05-17,202200,1187900,ENE,23.0,1400.0
2025-05-18,8100,54500,ENE,16.0,1000.0
2025-05-19,200,53500,NNE,8.0,1900.0
2025-05-20,64300,150900,N,8.0,1200.0
2025-05-21,258600,850300,N,26.0,1500.0
2025-05-22,1900,105700,NW,9.0,2000.0
2025-05-23,21100,316100,NE,10.0,3800.0
2025-05-24,208500,532900,NE,19.0,1100.0
2025-05-25,1966000,2073500,NE,23.0,1000.0
2025-05-26,4454400,3316300,NE,23.0,1900.0
2025-05-27,4167800,2377600,NE,27.0,2700.0
2025-05-28,898600,1451100,NE,32.0,2200.0
2025-05-29,256800,275400,NNE,29.0,1400.0
2025-05-30,597600,871500,NNE,21.0,1200.0
2025-05-31,4800,108300,NE,18.0,1300.0
2025-06-01,185900,362800,NE,23.0,1400.0
2025-06-02,760000,494500,NNE,30.0,1000.0
2025-06-03,1515800,829900,NNE,37.0,1900.0
2025-06-04,411900,311200,NE,32.0,1900.0
2025-06-05,22600,43900,—,-,-
2025-06-06,28000,59500,NNE,9.0,1300.0
2025-06-07,200,5600,—,-,-
2025-06-08,45200,50000,N,21.0,1600.0
2025-06-09,20600,21500,—,-,-
2025-06-10,46200,45000,—,-,-
2025-06-11,61800,45900,—,-,-
2025-06-12,200,800,—,-,-
2025-06-13,5000,41000,—,-,-
2025-06-14,20600,45800,—,-,-
2025-06-15,-,-,-,-,-
2025-08-01,147100,164600,SSW,18.0,2100.0
2025-08-02,13400,18700,—,-,-
2025-08-03,19800,33800,—,-,-
2025-08-04,249500,190400,SW,19.0,1700.0
2025-08-05,258100,254500,SW,21.0,2200.0
2025-08-06,58900,63500,SW,21.0,4800.0
2025-08-07,28000,43800,—,-,-
2025-08-08,19000,40300,—,-,-
2025-08-09,20900,30200,—,-,-
2025-08-10,19600,41300,—,-,-
2025-08-11,23200,42900,—,-,-
2025-08-12,28600,45600,—,-,-
2025-08-13,243500,238200,S,16.0,2700.0
2025-08-14,1454800,1190400,SW,23.0,1600.0
2025-08-15,187800,322000,SW,15.0,2000.0
2025-08-16,35700,79900,SE,11.0,3400.0
2025-08-17,999700,633600,SSW,34.0,2100.0
2025-08-18,438600,467200,SSW,20.0,1500.0
2025-08-19,2000,54400,SSW,9.0,1200.0
2025-08-20,103700,156000,WSW,14.0,2100.0
2025-08-21,1496100,1122300,SW,28.0,1600.0
2025-08-22,106200,301400,SW,11.0,2300.0
2025-08-23,500,10600,—,-,-
2025-08-24,1200,44000,—,-,-
2025-08-25,344100,474000,SE,16.0,1200.0
2025-08-26,174600,1089900,SSE,16.0,1200.0
2025-08-27,174600,1089900,SSE,16.0,1200.0
2025-08-28,2700,432500,SSW,11.0,1900.0
2025-08-29,590400,819600,SSE,19.0,1700.0
2025-08-30,1699500,1226000,S,23.0,2200.0
2025-08-31,5723600,3032200,SW,28.0,2600.0
2025-09-01,1761900,2305100,SW,12.0,1200.0
2025-09-02,837900,1154600,SSW,17.0,2500.0
2025-09-03,3500,10800,—,-,-
2025-09-04,29000,126100,S,14.0,1800.0
2025-09-05,161900,384500,SSW,17.0,1200.0
2025-09-06,465700,1134100,SSW,13.0,1600.0
2025-09-07,2404400,1865000,S,22.0,1600.0
2025-09-08,4542600,3450500,SW,22.0,2000.0
2025-09-09,223300,419900,WSW,18.0,1500.0
2025-09-10,3203100,2357100,SSW,23.0,2100.0
2025-09-11,6237300,3602200,SSW,28.0,1700.0
2025-09-12,597100,1056200,SW,14.0,1900.0
2025-09-13,99900,140500,SE,9.0,1700.0
2025-09-14,5224500,3188300,SW,25.0,1700.0
2025-09-15,1805200,1501400,SW,21.0,2200.0
2025-09-16,793200,1051800,WSW,17.0,1600.0
2025-09-17,94800,408000,WSW,12.0,800.0
2025-09-18,1373800,924400,S,22.0,1400.0
2025-09-19,7794700,5162300,SSW,30.0,2000.0
2025-09-20,800000,1044800,WSW,19.0,1500.0
2025-09-21,600,6500,—,-,-
2025-09-22,2600,49100,ESE,17.0,2100.0
2025-09-23,2934300,2791800,SW,21.0,1900.0
2025-09-24,130000,749500,WSW,13.0,900.0
2025-09-25,114600,170300,SE,13.0,1200.0
2025-09-26,6658100,4651200,S,21.0,1400.0
2025-09-27,21100,293400,ESE,14.0,1400.0
2025-09-28,4055700,2893500,S,26.0,2100.0
2025-09-29,1315200,1285100,S,25.0,1800.0
2025-09-30,14496600,5910300,SSW,41.0,2400.0
2025-10-01,2571600,1397500,SW,33.0,2000.0
2025-10-02,5700,12900,—,-,-
2025-10-03,68300,71700,SE,17.0,2400.0
2025-10-04,1289000,1147500,SSW,16.0,3100.0
2025-10-05,3100,13200,—,-,-
2025-10-06,7600,7900,—,-,-
2025-10-07,900,258700,S,16.0,1700.0
2025-10-08,17742700,9348400,SSW,38.0,2100.0
2025-10-09,729500,580100,SSW,20.0,2700.0
2025-10-10,700,8200,—,-,-
2025-10-11,4242000,2782700,WSW,23.0,2300.0
2025-10-12,1295400,1088500,SW,24.0,1500.0
2025-10-13,236500,277300,SW,21.0,1200.0
2025-10-14,1637400,768700,S,30.0,2600.0
2025-10-15,7580200,4659400,S,36.0,1900.0
2025-10-16,1279200,616000,SSW,39.0,1900.0
2025-10-17,846600,578300,SSW,23.0,2400.0
2025-10-18,12000,23100,—,-,-
2025-10-19,200,4300,—,-,-
2025-10-20,9300,56000,SE,35.0,1900.0
2025-10-21,10000,34900,—,-,-
2025-10-22,7400,21300,—,-,-
2025-10-23,612300,743700,S,16.0,1500.0
2025-10-24,2677200,1705900,S,25.0,1900.0
2025-10-25,1490300,1202500,S,20.0,2100.0
2025-10-26,1139200,577100,SSW,28.0,2100.0
2025-10-27,2663900,1234100,SW,35.0,2500.0
2025-10-28,1310200,686700,SW,34.0,2100.0
2025-10-29,38900,71400,WSW,16.0,1800.0
2025-10-30,1000,37900,—,-,-
2025-10-31,26100,69400,ESE,33.0,1600.0
2025-11-01,125800,105800,SE,7.0,700.0
2025-11-02,107500,139600,S,17.0,1600.0
2025-11-03,22100,73000,SE,21.0,800.0
2025-11-04,439300,275300,SSE,31.0,1600.0
